Timestamp,Longitude,Latitude,Speed,Operatorname,CellID,NetworkMode,RSRP,RSRQ,SNR,CQI,RSSI,DL_bitrate,UL_bitrate,State,PINGAVG,PINGMIN,PINGMAX,PINGSTDEV,PINGLOSS,CELLHEX,NODEHEX,LACHEX,RAWCELLID,NRxRSRP,NRxRSRQ
2019.11.21_09.03.56,-8.460839,51.889410999999996,0,B,11,5G,-76,-12,2.0,10,-74,0,0,I,-,-,-,-,-,B,A9C9,9CBA,11127051,-92.0,0.0
2019.11.21_09.03.57,-8.460839,51.889410999999996,0,B,11,5G,-76,-12,2.0,10,-74,0,0,I,-,-,-,-,-,B,A9C9,9CBA,11127051,-92.0,0.0
2019.11.21_09.03.58,-8.460839,51.889410999999996,0,B,11,5G,-76,-11,1.0,10,-74,0,0,I,-,-,-,-,-,B,A9C9,9CBA,11127051,-92.0,0.0
2019.11.21_09.03.59,-8.460839,51.889410999999996,0,B,11,5G,-76,-11,1.0,10,-74,46,13,D,-,-,-,-,-,B,A9C9,9CBA,11127051,-92.0,0.0
2019.11.21_09.04.00,-8.460839,51.889410999999996,0,B,11,5G,-75,-12,2.0,10,-74,316,195,D,-,-,-,-,-,B,A9C9,9CBA,11127051,-92.0,0.0
2019.11.21_09.04.01,-8.460839,51.889410999999996,0,B,11,5G,-75,-12,2.0,10,-74,40994,1270,D,-,-,-,-,-,B,A9C9,9CBA,11127051,-92.0,0.0
2019.11.21_09.04.02,-8.460839,51.889410999999996,0,B,11,5G,-75,-10,4.0,10,-74,9236,130,D,-,-,-,-,-,B,A9C9,9CBA,11127051,-92.0,-2.0
2019.11.21_09.04.03,-8.460839,51.889410999999996,0,B,11,5G,-75,-10,4.0,10,-76,0,0,I,-,-,-,-,-,B,A9C9,9CBA,11127051,-92.0,-2.0
2019.11.21_09.04.04,-8.460839,51.889410999999996,0,B,11,5G,-75,-10,14.0,11,-76,2,4,D,-,-,-,-,-,B,A9C9,9CBA,11127051,-94.0,0.0
2019.11.21_09.04.05,-8.460839,51.889410999999996,0,B,11,5G,-75,-10,14.0,11,-78,152,5,D,-,-,-,-,-,B,A9C9,9CBA,11127051,-94.0,0.0
2019.11.21_09.04.06,-8.460839,51.889410999999996,0,B,11,5G,-74,-9,15.0,11,-78,257,9,D,-,-,-,-,-,B,A9C9,9CBA,11127051,-93.0,-4.0
2019.11.21_09.04.07,-8.460839,51.889410999999996,0,B,11,5G,-74,-9,15.0,11,-78,10,119,D,-,-,-,-,-,B,A9C9,9CBA,11127051,-93.0,-4.0
2019.11.21_09.04.08,-8.460839,51.889410999999996,0,B,11,5G,-74,-10,15.0,11,-78,14061,390,D,-,-,-,-,-,B,A9C9,9CBA,11127051,-96.0,-5.0
2019.11.21_09.04.09,-8.460839,51.889410999999996,0,B,11,5G,-74,-10,15.0,11,-78,46263,226,D,-,-,-,-,-,B,A9C9,9CBA,11127051,-96.0,-5.0
2019.11.21_09.04.10,-8.460839,51.889410999999996,0,B,11,5G,-76,-10,8.0,11,-80,35422,274,D,-,-,-,-,-,B,A9C9,9CBA,11127051,-96.0,-7.0
2019.11.21_09.04.11,-8.460839,51.889410999999996,0,B,11,5G,-76,-10,8.0,11,-80,60855,422,D,-,-,-,-,-,B,A9C9,9CBA,11127051,-96.0,-7.0
2019.11.21_09.04.12,-8.460839,51.889410999999996,0,B,11,5G,-76,-11,9.0,11,-77,50484,303,D,-,-,-,-,-,B,A9C9,9CBA,11127051,-94.0,-8.0
2019.11.21_09.04.14,-8.460839,51.889410999999996,0,B,11,5G,-76,-11,9.0,11,-77,13253,62,D,-,-,-,-,-,B,A9C9,9CBA,11127051,-94.0,-8.0
2019.11.21_09.04.15,-8.460839,51.889410999999996,0,B,11,5G,-75,-13,11.0,11,-77,0,0,D,-,-,-,-,-,B,A9C9,9CBA,11127051,-95.0,-4.0
2019.11.21_09.04.16,-8.460839,51.889410999999996,0,B,11,5G,-75,-13,11.0,12,-79,0,0,I,-,-,-,-,-,B,A9C9,9CBA,11127051,-95.0,-4.0
2019.11.21_09.04.17,-8.460839,51.889410999999996,0,B,11,5G,-74,-14,5.0,12,-75,0,0,I,-,-,-,-,-,B,A9C9,9CBA,11127051,-94.0,-4.0
2019.11.21_09.04.18,-8.460839,51.889410999999996,0,B,11,5G,-74,-14,5.0,14,-73,0,0,I,-,-,-,-,-,B,A9C9,9CBA,11127051,-94.0,-4.0
2019.11.21_09.04.19,-8.460839,51.889410999999996,0,B,11,5G,-75,-11,12.0,14,-73,0,0,I,-,-,-,-,-,B,A9C9,9CBA,11127051,-91.0,-3.0
2019.11.21_09.04.20,-8.460839,51.889410999999996,0,B,11,5G,-75,-11,12.0,15,-76,0,0,I,-,-,-,-,-,B,A9C9,9CBA,11127051,-91.0,-3.0
2019.11.21_09.04.21,-8.460839,51.889410999999996,0,B,11,5G,-80,-15,1.0,11,-79,2,4,D,-,-,-,-,-,B,A9C9,9CBA,11127051,-99.0,-8.0
2019.11.21_09.04.22,-8.460839,51.889410999999996,0,B,11,5G,-80,-15,1.0,9,-82,0,0,I,-,-,-,-,-,B,A9C9,9CBA,11127051,-99.0,-8.0
2019.11.21_09.04.23,-8.460839,51.889410999999996,0,B,11,5G,-96,-19,-7.0,9,-82,3,5,D,-,-,-,-,-,B,A9C9,9CBA,11127051,-103.0,-10.0
2019.11.21_09.04.24,-8.460839,51.889410999999996,0,B,11,5G,-96,-19,-7.0,7,-84,0,0,I,-,-,-,-,-,B,A9C9,9CBA,11127051,-103.0,-10.0
2019.11.21_09.04.25,-8.460839,51.889410999999996,0,B,11,5G,-99,-19,-5.0,7,-84,2,4,D,-,-,-,-,-,B,A9C9,9CBA,11127051,-102.0,-4.0
2019.11.21_09.04.26,-8.460839,51.889410999999996,0,B,11,5G,-99,-19,-5.0,11,-81,0,0,I,-,-,-,-,-,B,A9C9,9CBA,11127051,-102.0,-4.0
2019.11.21_09.04.27,-8.460839,51.889410999999996,0,B,11,5G,-94,-17,-1.0,11,-86,0,0,I,-,-,-,-,-,B,A9C9,9CBA,11127051,-103.0,0.0
2019.11.21_09.04.28,-8.460839,51.889410999999996,0,B,11,5G,-94,-17,-1.0,11,-86,0,0,I,-,-,-,-,-,B,A9C9,9CBA,11127051,-103.0,0.0
2019.11.21_09.04.29,-8.460839,51.889410999999996,0,B,11,5G,-100,-18,-5.0,7,-83,0,0,I,-,-,-,-,-,B,A9C9,9CBA,11127051,-103.0,-4.0
2019.11.21_09.04.30,-8.460839,51.889410999999996,0,B,11,5G,-100,-18,-5.0,7,-,0,0,I,-,-,-,-,-,B,A9C9,9CBA,11127051,-103.0,-4.0
2019.11.21_09.04.32,-8.460839,51.889410999999996,0,B,11,5G,-99,-20,-10.0,7,-,0,0,I,-,-,-,-,-,B,A9C9,9CBA,11127051,-100.0,-4.0
2019.11.21_09.04.33,-8.460839,51.889410999999996,0,B,11,5G,-99,-20,-10.0,7,-,0,0,I,-,-,-,-,-,B,A9C9,9CBA,11127051,-100.0,-4.0
2019.11.21_09.04.34,-8.460839,51.889410999999996,0,B,11,5G,-97,-20,-12.0,6,-78,0,0,I,-,-,-,-,-,B,A9C9,9CBA,11127051,-95.0,-4.0
2019.11.21_09.04.35,-8.460839,51.889410999999996,0,B,11,5G,-97,-20,-12.0,5,-80,0,0,I,-,-,-,-,-,B,A9C9,9CBA,11127051,-95.0,-4.0
2019.11.21_09.04.36,-8.460839,51.889410999999996,0,B,11,5G,-96,-21,-10.0,5,-80,0,0,I,-,-,-,-,-,B,A9C9,9CBA,11127051,-106.0,-18.0
2019.11.21_09.04.37,-8.460839,51.889410999999996,0,B,11,5G,-96,-21,-10.0,2,-72,0,0,I,-,-,-,-,-,B,A9C9,9CBA,11127051,-106.0,-18.0
2019.11.21_09.04.38,-8.460839,51.889410999999996,0,B,11,5G,-81,-20,-11.0,7,-80,0,0,I,-,-,-,-,-,B,A9C9,9CBA,11127051,-96.0,-204.0
2019.11.21_09.04.39,-8.460839,51.889410999999996,0,B,11,5G,-81,-20,-11.0,7,-83,0,0,I,-,-,-,-,-,B,A9C9,9CBA,11127051,-96.0,-204.0
2019.11.21_09.04.40,-8.460839,51.889410999999996,0,B,11,5G,-87,-20,-16.0,9,-79,0,0,I,-,-,-,-,-,B,A9C9,9CBA,11127051,-95.0,-204.0
2019.11.21_09.04.41,-8.460839,51.889410999999996,0,B,11,5G,-87,-20,-16.0,8,-,0,0,D,-,-,-,-,-,B,A9C9,9CBA,11127051,-95.0,-204.0
2019.11.21_09.04.42,-8.460839,51.889410999999996,0,B,11,5G,-86,-21,-10.0,6,-83,2,4,D,-,-,-,-,-,B,A9C9,9CBA,11127051,-101.0,-2.0
2019.11.21_09.04.43,-8.460839,51.889410999999996,0,B,11,5G,-86,-21,-10.0,6,-83,0,0,I,-,-,-,-,-,B,A9C9,9CBA,11127051,-101.0,-2.0
2019.11.21_09.04.44,-8.460839,51.889410999999996,0,B,11,5G,-87,-21,-14.0,6,-83,2,4,D,-,-,-,-,-,B,A9C9,9CBA,11127051,-100.0,-16.0
2019.11.21_09.04.45,-8.460839,51.889410999999996,0,B,11,5G,-87,-21,-14.0,6,-83,0,0,I,-,-,-,-,-,B,A9C9,9CBA,11127051,-100.0,-16.0
2019.11.21_09.04.46,-8.460839,51.889410999999996,0,B,11,5G,-90,-21,-12.0,4,-87,2,4,D,-,-,-,-,-,B,A9C9,9CBA,11127051,-96.0,-14.0
2019.11.21_09.04.47,-8.460839,51.889410999999996,0,B,11,5G,-90,-21,-12.0,4,-87,0,0,I,-,-,-,-,-,B,A9C9,9CBA,11127051,-96.0,-14.0
2019.11.21_09.04.48,-8.460839,51.889410999999996,0,B,11,5G,-87,-21,-10.0,4,-87,0,0,I,-,-,-,-,-,B,A9C9,9CBA,11127051,-98.0,-16.0
2019.11.21_09.04.50,-8.460839,51.889410999999996,0,B,11,5G,-87,-21,-10.0,4,-87,0,0,I,-,-,-,-,-,B,A9C9,9CBA,11127051,-98.0,-16.0
2019.11.21_09.04.51,-8.460839,51.889410999999996,0,B,11,5G,-79,-23,-12.0,2,-85,0,0,D,-,-,-,-,-,B,A9C9,9CBA,11127051,-100.0,-17.0
2019.11.21_09.04.52,-8.460839,51.889410999999996,0,B,11,5G,-79,-23,-12.0,2,-85,0,0,I,-,-,-,-,-,B,A9C9,9CBA,11127051,-100.0,-17.0
2019.11.21_09.04.52,-8.459431,51.889139,38,B,11,5G,-79,-23,-12.0,4,-90,0,0,I,-,-,-,-,-,B,A9C9,9CBA,11127051,-100.0,-17.0
2019.11.21_09.04.53,-8.459431,51.889139,38,B,11,5G,-95,-22,-13.0,4,-90,0,0,I,-,-,-,-,-,B,A9C9,9CBA,11127051,-100.0,-14.0
2019.11.21_09.04.54,-8.459431,51.889139,38,B,11,5G,-95,-22,-13.0,4,-90,0,0,I,-,-,-,-,-,B,A9C9,9CBA,11127051,-100.0,-14.0
2019.11.21_09.04.55,-8.459431,51.889139,38,B,11,5G,-98,-21,-9.0,7,-,0,0,I,-,-,-,-,-,B,A9C9,9CBA,11127051,-100.0,-15.0
2019.11.21_09.04.56,-8.459431,51.889139,38,B,11,5G,-98,-21,-9.0,7,-92,0,0,I,-,-,-,-,-,B,A9C9,9CBA,11127051,-100.0,-15.0
2019.11.21_09.04.57,-8.459431,51.889139,38,B,11,5G,-96,-20,-11.0,7,-92,0,0,I,-,-,-,-,-,B,A9C9,9CBA,11127051,-100.0,-13.0
2019.11.21_09.04.58,-8.459431,51.889139,38,B,11,5G,-96,-20,-11.0,7,-92,19274,123,D,-,-,-,-,-,B,A9C9,9CBA,11127051,-100.0,-13.0
2019.11.21_09.04.59,-8.459431,51.889139,38,B,11,5G,-97,-19,-6.0,7,-,0,50,D,-,-,-,-,-,B,A9C9,9CBA,11127051,-99.0,-13.0
2019.11.21_09.05.00,-8.459431,51.889139,38,B,11,5G,-97,-19,-6.0,8,-87,18,1,D,-,-,-,-,-,B,A9C9,9CBA,11127051,-99.0,-13.0
2019.11.21_09.05.01,-8.459431,51.889139,38,B,11,5G,-100,-18,-3.0,8,-87,6,4,D,-,-,-,-,-,B,A9C9,9CBA,11127051,-98.0,-14.0
2019.11.21_09.05.02,-8.458055,51.888674,38,B,11,5G,-100,-18,-3.0,8,-87,6,4,D,-,-,-,-,-,B,A9C9,9CBA,11127051,-98.0,-14.0
2019.11.21_09.05.02,-8.458055,51.888674,38,B,11,5G,-100,-18,-3.0,8,-87,1,1,D,-,-,-,-,-,B,A9C9,9CBA,11127051,-98.0,-14.0
2019.11.21_09.05.03,-8.458055,51.888674,38,B,11,5G,-99,-19,-9.0,8,-79,0,0,D,-,-,-,-,-,B,A9C9,9CBA,11127051,-96.0,0.0
2019.11.21_09.05.04,-8.458055,51.888674,38,B,11,5G,-99,-19,-9.0,9,-84,2,4,D,-,-,-,-,-,B,A9C9,9CBA,11127051,-96.0,0.0
2019.11.21_09.05.06,-8.458055,51.888674,38,B,11,5G,-97,-20,-9.0,9,-84,0,0,D,-,-,-,-,-,B,A9C9,9CBA,11127051,-101.0,0.0
2019.11.21_09.05.07,-8.458055,51.888674,38,B,11,5G,-97,-20,-9.0,9,-84,2,4,D,-,-,-,-,-,B,A9C9,9CBA,11127051,-101.0,0.0
2019.11.21_09.05.08,-8.458055,51.888674,38,B,11,5G,-100,-20,-10.0,9,-84,0,0,D,-,-,-,-,-,B,A9C9,9CBA,11127051,-103.0,-3.0
2019.11.21_09.05.09,-8.458055,51.888674,38,B,11,5G,-100,-20,-10.0,11,-86,16,27,D,-,-,-,-,-,B,A9C9,9CBA,11127051,-103.0,-3.0
2019.11.21_09.05.10,-8.458055,51.888674,38,B,11,5G,-100,-15,-3.0,9,-84,1,1,D,-,-,-,-,-,B,A9C9,9CBA,11127051,-101.0,-1.0
2019.11.21_09.05.11,-8.458055,51.888674,38,B,11,5G,-100,-15,-3.0,9,-,0,0,D,-,-,-,-,-,B,A9C9,9CBA,11127051,-101.0,-1.0
2019.11.21_09.05.12,-8.456635,51.888294,34,B,11,5G,-100,-15,-3.0,9,-,0,0,I,-,-,-,-,-,B,A9C9,9CBA,11127051,-101.0,-1.0
2019.11.21_09.05.12,-8.456635,51.888294,34,B,11,5G,-99,-17,1.0,9,-,0,0,I,-,-,-,-,-,B,A9C9,9CBA,11127051,-101.0,-16.0
2019.11.21_09.05.13,-8.456635,51.888294,34,B,11,5G,-99,-17,1.0,10,-87,0,0,D,-,-,-,-,-,B,A9C9,9CBA,11127051,-101.0,-16.0
2019.11.21_09.05.14,-8.456635,51.888294,34,B,11,5G,-95,-18,-4.0,9,-,0,0,I,-,-,-,-,-,B,A9C9,9CBA,11127051,-99.0,-16.0
2019.11.21_09.05.15,-8.456635,51.888294,34,B,11,5G,-95,-18,-4.0,9,-87,0,0,I,-,-,-,-,-,B,A9C9,9CBA,11127051,-99.0,-16.0
2019.11.21_09.05.16,-8.456635,51.888294,34,B,11,5G,-99,-16,-3.0,9,-87,0,0,I,-,-,-,-,-,B,A9C9,9CBA,11127051,-101.0,-16.0
2019.11.21_09.05.17,-8.456635,51.888294,34,B,11,5G,-99,-16,-3.0,9,-87,0,0,I,-,-,-,-,-,B,A9C9,9CBA,11127051,-101.0,-16.0
2019.11.21_09.05.18,-8.456635,51.888294,34,B,11,5G,-101,-14,-1.0,7,-90,0,0,I,-,-,-,-,-,B,A9C9,9CBA,11127051,-101.0,-18.0
2019.11.21_09.05.20,-8.456635,51.888294,34,B,11,5G,-101,-14,-1.0,7,-90,0,0,I,-,-,-,-,-,B,A9C9,9CBA,11127051,-101.0,-18.0
2019.11.21_09.05.21,-8.456635,51.888294,34,B,11,5G,-99,-17,-3.0,8,-87,0,0,I,-,-,-,-,-,B,A9C9,9CBA,11127051,-102.0,-18.0
2019.11.21_09.05.22,-8.456635,51.888294,34,B,11,5G,-99,-17,-3.0,8,-87,0,0,I,-,-,-,-,-,B,A9C9,9CBA,11127051,-102.0,-18.0
2019.11.21_09.05.23,-8.456635,51.888294,34,B,11,5G,-103,-17,2.0,10,-90,0,0,I,-,-,-,-,-,B,A9C9,9CBA,11127051,-106.0,-18.0
2019.11.21_09.05.23,-8.45551,51.887658,33,B,11,5G,-103,-17,2.0,10,-90,0,0,I,-,-,-,-,-,B,A9C9,9CBA,11127051,-106.0,-18.0
2019.11.21_09.05.24,-8.45551,51.887658,33,B,11,5G,-103,-17,2.0,10,-90,2,4,D,-,-,-,-,-,B,A9C9,9CBA,11127051,-106.0,-18.0
2019.11.21_09.05.25,-8.45551,51.887658,33,B,11,5G,-99,-15,2.0,11,-87,0,0,D,-,-,-,-,-,B,A9C9,9CBA,11127051,-103.0,0.0
2019.11.21_09.05.26,-8.45551,51.887658,33,B,11,5G,-99,-15,2.0,14,-85,2,4,D,-,-,-,-,-,B,A9C9,9CBA,11127051,-103.0,0.0
2019.11.21_09.05.27,-8.45551,51.887658,33,B,11,5G,-93,-11,2.0,9,-81,4,5,D,-,-,-,-,-,B,A9C9,9CBA,11127051,-101.0,-17.0
2019.11.21_09.05.28,-8.45551,51.887658,33,B,11,5G,-93,-11,2.0,11,-83,2,4,D,-,-,-,-,-,B,A9C9,9CBA,11127051,-101.0,-17.0
2019.11.21_09.05.29,-8.45551,51.887658,33,B,11,5G,-95,-9,11.0,11,-80,0,0,I,-,-,-,-,-,B,A9C9,9CBA,11127051,-101.0,-1.0
2019.11.21_09.05.30,-8.45551,51.887658,33,B,11,5G,-95,-9,11.0,11,-83,0,0,I,-,-,-,-,-,B,A9C9,9CBA,11127051,-101.0,-1.0
2019.11.21_09.05.31,-8.45551,51.887658,33,B,11,5G,-98,-10,6.0,11,-83,0,0,I,-,-,-,-,-,B,A9C9,9CBA,11127051,-103.0,-18.0
2019.11.21_09.05.32,-8.45551,51.887658,33,B,11,5G,-98,-10,6.0,13,-,0,0,I,-,-,-,-,-,B,A9C9,9CBA,11127051,-103.0,-18.0
2019.11.21_09.05.33,-8.45551,51.887658,33,B,11,5G,-98,-11,2.0,13,-,0,0,I,-,-,-,-,-,B,A9C9,9CBA,11127051,-101.0,-17.0
2019.11.21_09.05.34,-8.454441000000001,51.887006,37,B,11,5G,-98,-11,2.0,13,-,0,0,I,-,-,-,-,-,B,A9C9,9CBA,11127051,-101.0,-17.0
2019.11.21_09.05.35,-8.454441000000001,51.887006,37,B,11,5G,-98,-11,2.0,13,-,0,0,I,-,-,-,-,-,B,A9C9,9CBA,11127051,-101.0,-17.0
2019.11.21_09.05.36,-8.454441000000001,51.887006,37,B,11,5G,-98,-14,6.0,14,-85,23,12,D,-,-,-,-,-,B,A9C9,9CBA,11127051,-100.0,-15.0
2019.11.21_09.05.37,-8.454441000000001,51.887006,37,B,11,5G,-98,-14,6.0,7,-91,8784,46,D,-,-,-,-,-,B,A9C9,9CBA,11127051,-100.0,-15.0
2019.11.21_09.05.38,-8.454441000000001,51.887006,37,B,11,5G,-99,-14,4.0,12,-89,5237,27,D,-,-,-,-,-,B,A9C9,9CBA,11127051,-102.0,-15.0
2019.11.21_09.05.39,-8.454441000000001,51.887006,37,B,11,5G,-99,-14,4.0,12,-89,0,0,D,-,-,-,-,-,B,A9C9,9CBA,11127051,-102.0,-15.0
2019.11.21_09.05.40,-8.454441000000001,51.887006,37,B,11,5G,-96,-14,-1.0,11,-,0,0,I,-,-,-,-,-,B,A9C9,9CBA,11127051,-98.0,-16.0
2019.11.21_09.05.41,-8.454441000000001,51.887006,37,B,11,5G,-96,-14,-1.0,11,-,0,0,I,-,-,-,-,-,B,A9C9,9CBA,11127051,-98.0,-16.0
2019.11.21_09.05.42,-8.454441000000001,51.887006,37,B,11,5G,-98,-13,1.0,11,-,0,0,I,-,-,-,-,-,B,A9C9,9CBA,11127051,-100.0,-17.0
2019.11.21_09.05.43,-8.454441000000001,51.887006,37,B,11,5G,-98,-13,1.0,9,-86,0,0,I,-,-,-,-,-,B,A9C9,9CBA,11127051,-100.0,-17.0
2019.11.21_09.05.44,-8.453211999999999,51.886409,41,B,11,5G,-98,-13,1.0,9,-86,0,0,I,-,-,-,-,-,B,A9C9,9CBA,11127051,-100.0,-17.0
2019.11.21_09.05.44,-8.453211999999999,51.886409,41,B,11,5G,-99,-10,6.0,9,-86,0,0,I,-,-,-,-,-,B,A9C9,9CBA,11127051,-101.0,-17.0
2019.11.21_09.05.45,-8.453211999999999,51.886409,41,B,11,5G,-99,-10,6.0,10,-83,2,4,D,-,-,-,-,-,B,A9C9,9CBA,11127051,-101.0,-17.0
2019.11.21_09.05.46,-8.453211999999999,51.886409,41,B,11,5G,-96,-12,2.0,14,-81,0,0,I,-,-,-,-,-,B,A9C9,9CBA,11127051,-99.0,-8.0
2019.11.21_09.05.47,-8.453211999999999,51.886409,41,B,11,5G,-96,-12,2.0,11,-83,2,4,D,-,-,-,-,-,B,A9C9,9CBA,11127051,-99.0,-8.0
2019.11.21_09.05.48,-8.453211999999999,51.886409,41,B,11,5G,-97,-10,5.0,8,-85,2,4,D,-,-,-,-,-,B,A9C9,9CBA,11127051,-101.0,0.0
2019.11.21_09.05.50,-8.453211999999999,51.886409,41,B,11,5G,-97,-10,5.0,8,-85,0,0,D,-,-,-,-,-,B,A9C9,9CBA,11127051,-101.0,0.0
2019.11.21_09.05.51,-8.453211999999999,51.886409,41,B,11,5G,-95,-12,4.0,11,-,0,0,I,-,-,-,-,-,B,A9C9,9CBA,11127051,-101.0,-39.0
2019.11.21_09.05.52,-8.453211999999999,51.886409,41,B,11,5G,-95,-12,4.0,10,-81,0,0,I,-,-,-,-,-,B,A9C9,9CBA,11127051,-101.0,-39.0
2019.11.21_09.05.53,-8.453211999999999,51.886409,41,B,11,5G,-95,-14,11.0,10,-83,0,0,I,-,-,-,-,-,B,A9C9,9CBA,11127051,-98.0,-38.0
2019.11.21_09.05.53,-8.452071,51.885847,37,B,11,5G,-95,-14,11.0,10,-83,0,0,I,-,-,-,-,-,B,A9C9,9CBA,11127051,-98.0,-38.0
2019.11.21_09.05.54,-8.452071,51.885847,37,B,11,5G,-95,-14,11.0,10,-83,0,0,I,-,-,-,-,-,B,A9C9,9CBA,11127051,-98.0,-38.0
2019.11.21_09.05.55,-8.452071,51.885847,37,B,11,5G,-99,-12,-6.0,10,-83,0,0,I,-,-,-,-,-,B,A9C9,9CBA,11127051,-97.0,-15.0
2019.11.21_09.05.56,-8.452071,51.885847,37,B,11,5G,-99,-12,-6.0,12,-85,0,0,I,-,-,-,-,-,B,A9C9,9CBA,11127051,-97.0,-15.0
2019.11.21_09.05.57,-8.452071,51.885847,37,B,11,5G,-102,-15,0.0,12,-85,0,0,I,-,-,-,-,-,B,A9C9,9CBA,11127051,-101.0,-14.0
2019.11.21_09.05.58,-8.452071,51.885847,37,B,11,5G,-102,-15,0.0,11,-91,0,0,I,-,-,-,-,-,B,A9C9,9CBA,11127051,-101.0,-14.0
2019.11.21_09.05.59,-8.452071,51.885847,37,B,11,5G,-106,-12,1.0,9,-89,0,0,I,-,-,-,-,-,B,A9C9,9CBA,11127051,-100.0,-12.0
2019.11.21_09.06.00,-8.452071,51.885847,37,B,11,5G,-106,-12,1.0,12,-86,0,0,I,-,-,-,-,-,B,A9C9,9CBA,11127051,-100.0,-12.0
2019.11.21_09.06.01,-8.452071,51.885847,37,B,11,5G,-101,-12,3.0,10,-83,0,0,I,-,-,-,-,-,B,A9C9,9CBA,11127051,-100.0,-12.0
2019.11.21_09.06.02,-8.452071,51.885847,37,B,11,5G,-101,-12,3.0,10,-83,0,0,I,-,-,-,-,-,B,A9C9,9CBA,11127051,-100.0,-12.0
2019.11.21_09.06.03,-8.450873,51.885267,38,B,11,5G,-101,-12,3.0,10,-83,0,0,I,-,-,-,-,-,B,A9C9,9CBA,11127051,-100.0,-12.0
2019.11.21_09.06.03,-8.450873,51.885267,38,B,11,5G,-98,-11,5.0,14,-81,0,0,I,-,-,-,-,-,B,A9C9,9CBA,11127051,-101.0,-15.0
2019.11.21_09.06.04,-8.450873,51.885267,38,B,11,5G,-98,-11,5.0,12,-75,0,0,I,-,-,-,-,-,B,A9C9,9CBA,11127051,-101.0,-15.0
2019.11.21_09.06.06,-8.450873,51.885267,38,B,11,5G,-97,-10,5.0,11,-85,2,4,D,-,-,-,-,-,B,A9C9,9CBA,11127051,-102.0,-15.0
2019.11.21_09.06.07,-8.450873,51.885267,38,B,11,5G,-97,-10,5.0,11,-85,0,0,D,-,-,-,-,-,B,A9C9,9CBA,11127051,-102.0,-15.0
2019.11.21_09.06.08,-8.450873,51.885267,38,B,11,5G,-100,-14,8.0,11,-79,2,4,D,-,-,-,-,-,B,A9C9,9CBA,11127051,-100.0,-14.0
2019.11.21_09.06.09,-8.450873,51.885267,38,B,11,5G,-100,-14,8.0,15,-85,24,28,D,-,-,-,-,-,B,A9C9,9CBA,11127051,-100.0,-14.0
2019.11.21_09.06.10,-8.450873,51.885267,38,B,11,5G,-104,-14,5.0,15,-85,11,43,D,-,-,-,-,-,B,A9C9,9CBA,11127051,-100.0,-12.0
2019.11.21_09.06.11,-8.450873,51.885267,38,B,11,5G,-104,-14,5.0,15,-85,354,30,D,-,-,-,-,-,B,A9C9,9CBA,11127051,-100.0,-12.0
2019.11.21_09.06.12,-8.449807,51.884640999999995,41,B,11,5G,-104,-14,5.0,11,-,354,30,D,-,-,-,-,-,B,A9C9,9CBA,11127051,-100.0,-12.0
2019.11.21_09.06.12,-8.449807,51.884640999999995,41,B,11,5G,-100,-14,3.0,11,-,736,31,D,-,-,-,-,-,B,A9C9,9CBA,11127051,-94.0,-9.0
2019.11.21_09.06.13,-8.449807,51.884640999999995,41,B,11,5G,-100,-14,3.0,12,-87,0,1,D,-,-,-,-,-,B,A9C9,9CBA,11127051,-94.0,-9.0
2019.11.21_09.06.14,-8.449807,51.884640999999995,41,B,11,5G,-100,-19,-3.0,11,-84,20313,655,D,-,-,-,-,-,B,A9C9,9CBA,11127051,-94.0,-11.0
2019.11.21_09.06.15,-8.449807,51.884640999999995,41,B,11,5G,-100,-19,-3.0,11,-84,0,0,D,-,-,-,-,-,B,A9C9,9CBA,11127051,-94.0,-11.0
2019.11.21_09.06.16,-8.449807,51.884640999999995,41,B,11,5G,-100,-13,1.0,10,-86,8011,280,D,-,-,-,-,-,B,A9C9,9CBA,11127051,-89.0,-10.0
2019.11.21_09.06.17,-8.449807,51.884640999999995,41,B,11,5G,-100,-13,1.0,11,-82,10884,323,D,-,-,-,-,-,B,A9C9,9CBA,11127051,-89.0,-10.0
2019.11.21_09.06.18,-8.449807,51.884640999999995,41,B,11,5G,-96,-11,0.0,11,-82,0,0,I,-,-,-,-,-,B,A9C9,9CBA,11127051,-84.0,-9.0
2019.11.21_09.06.19,-8.449807,51.884640999999995,41,B,11,5G,-96,-11,0.0,9,-88,0,0,I,-,-,-,-,-,B,A9C9,9CBA,11127051,-84.0,-9.0
2019.11.21_09.06.21,-8.449807,51.884640999999995,41,B,11,5G,-97,-13,1.0,9,-88,0,0,D,-,-,-,-,-,B,A9C9,9CBA,11127051,-81.0,-8.0
2019.11.21_09.06.21,-8.448561,51.884052000000004,41,B,11,5G,-97,-13,1.0,9,-88,0,0,D,-,-,-,-,-,B,A9C9,9CBA,11127051,-81.0,-8.0
2019.11.21_09.06.22,-8.448561,51.884052000000004,41,B,11,5G,-97,-13,1.0,10,-84,0,0,I,-,-,-,-,-,B,A9C9,9CBA,11127051,-81.0,-8.0
2019.11.21_09.06.23,-8.448561,51.884052000000004,41,B,11,5G,-98,-15,-11.0,10,-84,23570,121,D,-,-,-,-,-,B,A9C9,9CBA,11127051,-76.0,-8.0
2019.11.21_09.06.24,-8.448561,51.884052000000004,41,B,11,5G,-98,-15,-11.0,11,-,0,0,I,-,-,-,-,-,B,A9C9,9CBA,11127051,-76.0,-8.0
2019.11.21_09.06.25,-8.448561,51.884052000000004,41,B,11,5G,-100,-14,-9.0,8,-,0,0,I,-,-,-,-,-,B,A9C9,9CBA,11127051,-71.0,-7.0
2019.11.21_09.06.26,-8.448561,51.884052000000004,41,B,11,5G,-100,-14,-9.0,11,-84,0,0,I,-,-,-,-,-,B,A9C9,9CBA,11127051,-71.0,-7.0
2019.11.21_09.06.27,-8.448561,51.884052000000004,41,B,11,5G,-101,-14,1.0,10,-86,2,4,D,-,-,-,-,-,B,A9C9,9CBA,11127051,-70.0,-7.0
2019.11.21_09.06.28,-8.448561,51.884052000000004,41,B,11,5G,-101,-14,1.0,8,-,0,0,I,-,-,-,-,-,B,A9C9,9CBA,11127051,-70.0,-7.0
2019.11.21_09.06.29,-8.448561,51.884052000000004,41,B,11,5G,-96,-14,-4.0,8,-81,2,4,D,-,-,-,-,-,B,A9C9,9CBA,11127051,-61.0,-5.0
2019.11.21_09.06.30,-8.448561,51.884052000000004,41,B,11,5G,-96,-14,-4.0,9,-77,0,0,I,-,-,-,-,-,B,A9C9,9CBA,11127051,-61.0,-5.0
2019.11.21_09.06.31,-8.447363000000001,51.88343,37,B,11,5G,-96,-14,-4.0,9,-73,0,0,D,-,-,-,-,-,B,A9C9,9CBA,11127051,-61.0,-5.0
2019.11.21_09.06.31,-8.447363000000001,51.88343,37,B,11,5G,-97,-16,-4.0,9,-73,2,4,D,-,-,-,-,-,B,A9C9,9CBA,11127051,-56.0,-6.0
2019.11.21_09.06.32,-8.447363000000001,51.88343,37,B,11,5G,-97,-16,-4.0,13,-64,0,0,I,-,-,-,-,-,B,A9C9,9CBA,11127051,-56.0,-6.0
2019.11.21_09.06.33,-8.447363000000001,51.88343,37,B,11,5G,-96,-16,2.0,8,-68,0,0,I,-,-,-,-,-,B,A9C9,9CBA,11127051,-49.0,-6.0
2019.11.21_09.06.34,-8.447363000000001,51.88343,37,B,11,5G,-96,-16,2.0,8,-68,0,0,I,-,-,-,-,-,B,A9C9,9CBA,11127051,-49.0,-6.0
2019.11.21_09.06.36,-8.447363000000001,51.88343,37,B,11,5G,-97,-16,0.0,8,-68,0,0,I,-,-,-,-,-,B,A9C9,9CBA,11127051,-59.0,-7.0
2019.11.21_09.06.37,-8.447363000000001,51.88343,37,B,11,5G,-97,-16,0.0,6,-81,0,0,I,-,-,-,-,-,B,A9C9,9CBA,11127051,-59.0,-7.0
2019.11.21_09.06.38,-8.447363000000001,51.88343,37,B,11,5G,-99,-18,-7.0,6,-85,0,0,I,-,-,-,-,-,B,A9C9,9CBA,11127051,-,-
2019.11.21_09.06.39,-8.447363000000001,51.88343,37,B,11,5G,-99,-18,-7.0,10,-89,0,0,I,-,-,-,-,-,B,A9C9,9CBA,11127051,-,-
2019.11.21_09.06.40,-8.447363000000001,51.88343,37,B,12,5G,-96,-17,-12.0,10,-89,0,0,I,-,-,-,-,-,C,AAB6,9CBA,11187724,-,-
2019.11.21_09.06.41,-8.447363000000001,51.88343,37,B,12,5G,-96,-17,-12.0,10,-89,0,0,I,-,-,-,-,-,C,AAB6,9CBA,11187724,-,-
2019.11.21_09.06.42,-8.446264,51.882774,29,B,12,5G,-98,-17,-7.0,10,-89,0,0,I,-,-,-,-,-,C,AAB6,9CBA,11187724,-,-
2019.11.21_09.06.42,-8.446264,51.882774,29,B,12,5G,-98,-17,-7.0,10,-89,0,0,I,-,-,-,-,-,C,AAB6,9CBA,11187724,-72.0,-7.0
2019.11.21_09.06.43,-8.446264,51.882774,29,B,12,5G,-98,-17,-7.0,10,-89,0,0,I,-,-,-,-,-,C,AAB6,9CBA,11187724,-72.0,-7.0
2019.11.21_09.06.44,-8.446264,51.882774,29,B,12,5G,-103,-18,-10.0,10,-89,0,0,I,-,-,-,-,-,C,AAB6,9CBA,11187724,-72.0,-7.0
2019.11.21_09.06.45,-8.446264,51.882774,29,B,12,5G,-103,-18,-10.0,10,-89,0,0,I,-,-,-,-,-,C,AAB6,9CBA,11187724,-72.0,-7.0
2019.11.21_09.06.46,-8.446264,51.882774,29,B,11,5G,-100,-17,-12.0,10,-89,0,0,I,-,-,-,-,-,B,A9C9,9CBA,11127051,-101.0,-1.0
2019.11.21_09.06.47,-8.446264,51.882774,29,B,11,5G,-100,-17,-12.0,12,-,0,0,I,-,-,-,-,-,B,A9C9,9CBA,11127051,-101.0,-1.0
2019.11.21_09.06.48,-8.446264,51.882774,29,B,11,5G,-106,-16,-10.0,10,-88,2,4,D,-,-,-,-,-,B,A9C9,9CBA,11127051,-80.0,-6.0
2019.11.21_09.06.49,-8.446264,51.882774,29,B,11,5G,-106,-16,-10.0,8,-85,2,4,D,-,-,-,-,-,B,A9C9,9CBA,11127051,-80.0,-6.0
2019.11.21_09.06.51,-8.446264,51.882774,29,B,11,5G,-109,-17,-8.0,5,-,0,0,I,-,-,-,-,-,B,A9C9,9CBA,11127051,-80.0,-6.0
2019.11.21_09.06.52,-8.446264,51.882774,29,B,11,5G,-109,-17,-8.0,5,-,3,5,D,-,-,-,-,-,B,A9C9,9CBA,11127051,-80.0,-6.0
2019.11.21_09.06.53,-8.446264,51.882774,29,B,11,5G,-107,-14,-2.0,5,-,0,0,I,-,-,-,-,-,B,A9C9,9CBA,11127051,-82.0,-6.0
2019.11.21_09.06.54,-8.446264,51.882774,29,B,11,5G,-107,-14,-2.0,6,-87,0,0,I,-,-,-,-,-,B,A9C9,9CBA,11127051,-82.0,-6.0
2019.11.21_09.06.55,-8.446264,51.882774,29,B,11,5G,-99,-11,-1.0,9,-85,0,0,I,-,-,-,-,-,B,A9C9,9CBA,11127051,-81.0,-6.0
2019.11.21_09.06.55,-8.445062,51.882191,27,B,11,5G,-99,-11,-1.0,9,-85,0,0,I,-,-,-,-,-,B,A9C9,9CBA,11127051,-81.0,-6.0
2019.11.21_09.06.56,-8.445062,51.882191,27,B,11,5G,-99,-11,-1.0,8,-83,0,0,I,-,-,-,-,-,B,A9C9,9CBA,11127051,-81.0,-6.0
2019.11.21_09.06.57,-8.445062,51.882191,27,B,11,5G,-103,-11,2.0,8,-87,1,0,D,-,-,-,-,-,B,A9C9,9CBA,11127051,-87.0,-7.0
2019.11.21_09.06.58,-8.445062,51.882191,27,B,11,5G,-103,-11,2.0,11,-85,0,0,I,-,-,-,-,-,B,A9C9,9CBA,11127051,-87.0,-7.0
2019.11.21_09.06.59,-8.445062,51.882191,27,B,11,5G,-103,-15,2.0,11,-87,0,0,I,-,-,-,-,-,B,A9C9,9CBA,11127051,-90.0,-7.0
2019.11.21_09.07.00,-8.445062,51.882191,27,B,11,5G,-103,-15,2.0,11,-87,0,0,I,-,-,-,-,-,B,A9C9,9CBA,11127051,-90.0,-7.0
2019.11.21_09.07.01,-8.445062,51.882191,27,B,11,5G,-105,-17,0.0,11,-87,0,0,I,-,-,-,-,-,B,A9C9,9CBA,11127051,-88.0,-6.0
2019.11.21_09.07.02,-8.445062,51.882191,27,B,11,5G,-105,-17,0.0,11,-87,0,0,I,-,-,-,-,-,B,A9C9,9CBA,11127051,-88.0,-6.0
2019.11.21_09.07.03,-8.445062,51.882191,27,B,11,5G,-100,-15,2.0,10,-85,0,0,I,-,-,-,-,-,B,A9C9,9CBA,11127051,-90.0,-7.0
2019.11.21_09.07.04,-8.445062,51.882191,27,B,11,5G,-100,-15,2.0,10,-83,0,0,I,-,-,-,-,-,B,A9C9,9CBA,11127051,-90.0,-7.0
2019.11.21_09.07.06,-8.445062,51.882191,27,B,11,5G,-97,-17,3.0,9,-79,0,0,I,-,-,-,-,-,B,A9C9,9CBA,11127051,-90.0,-8.0
2019.11.21_09.07.07,-8.445062,51.882191,27,B,11,5G,-97,-17,3.0,12,-,0,0,I,-,-,-,-,-,B,A9C9,9CBA,11127051,-90.0,-8.0
2019.11.21_09.07.08,-8.445062,51.882191,27,B,11,5G,-94,-10,-4.0,10,-,7175,66,D,-,-,-,-,-,B,A9C9,9CBA,11127051,-90.0,-10.0
2019.11.21_09.07.09,-8.445062,51.882191,27,B,11,5G,-94,-10,-4.0,9,-77,9207,81,D,-,-,-,-,-,B,A9C9,9CBA,11127051,-90.0,-10.0
2019.11.21_09.07.10,-8.445062,51.882191,27,B,11,5G,-101,-15,-2.0,6,-84,0,0,I,-,-,-,-,-,B,A9C9,9CBA,11127051,-98.0,-9.0
2019.11.21_09.07.11,-8.445062,51.882191,27,B,11,5G,-101,-15,-2.0,10,-80,2,4,D,-,-,-,-,-,B,A9C9,9CBA,11127051,-98.0,-9.0
2019.11.21_09.07.11,-8.443839,51.881644,38,B,11,5G,-101,-15,-2.0,10,-80,2,4,D,-,-,-,-,-,B,A9C9,9CBA,11127051,-98.0,-9.0
2019.11.21_09.07.12,-8.443839,51.881644,38,B,11,5G,-105,-15,1.0,8,-82,0,0,I,-,-,-,-,-,B,A9C9,9CBA,11127051,-98.0,-11.0
2019.11.21_09.07.13,-8.443839,51.881644,38,B,11,5G,-105,-15,1.0,13,-82,2,4,D,-,-,-,-,-,B,A9C9,9CBA,11127051,-98.0,-11.0
2019.11.21_09.07.14,-8.443839,51.881644,38,B,11,5G,-96,-12,6.0,11,-76,0,0,I,-,-,-,-,-,B,A9C9,9CBA,11127051,-96.0,-2.0
2019.11.21_09.07.15,-8.443839,51.881644,38,B,11,5G,-96,-12,6.0,11,-76,0,0,I,-,-,-,-,-,B,A9C9,9CBA,11127051,-96.0,-2.0
2019.11.21_09.07.16,-8.443839,51.881644,38,B,11,5G,-98,-12,1.0,12,-84,0,0,D,-,-,-,-,-,B,A9C9,9CBA,11127051,-94.0,-6.0
2019.11.21_09.07.17,-8.443839,51.881644,38,B,11,5G,-98,-12,1.0,12,-84,6,4,D,-,-,-,-,-,B,A9C9,9CBA,11127051,-94.0,-6.0
2019.11.21_09.07.18,-8.443839,51.881644,38,B,11,5G,-107,-14,0.0,9,-86,2,2,D,-,-,-,-,-,B,A9C9,9CBA,11127051,-99.0,-10.0
2019.11.21_09.07.19,-8.443839,51.881644,38,B,11,5G,-107,-14,0.0,9,-86,0,0,D,-,-,-,-,-,B,A9C9,9CBA,11127051,-99.0,-10.0
2019.11.21_09.07.21,-8.443839,51.881644,38,B,11,5G,-104,-14,-2.0,9,-86,0,0,I,-,-,-,-,-,B,A9C9,9CBA,11127051,-100.0,-11.0
2019.11.21_09.07.21,-8.442624,51.881129,32,B,11,5G,-104,-14,-2.0,9,-86,0,0,I,-,-,-,-,-,B,A9C9,9CBA,11127051,-100.0,-11.0
2019.11.21_09.07.22,-8.442624,51.881129,32,B,11,5G,-104,-14,-2.0,8,-79,0,0,I,-,-,-,-,-,B,A9C9,9CBA,11127051,-100.0,-11.0
2019.11.21_09.07.23,-8.442624,51.881129,32,B,11,5G,-101,-10,3.0,12,-81,0,0,I,-,-,-,-,-,B,A9C9,9CBA,11127051,-91.0,-6.0
2019.11.21_09.07.24,-8.442624,51.881129,32,B,11,5G,-101,-10,3.0,10,-84,0,0,D,-,-,-,-,-,B,A9C9,9CBA,11127051,-91.0,-6.0
2019.11.21_09.07.25,-8.442624,51.881129,32,B,11,5G,-103,-14,-9.0,8,-88,0,0,I,-,-,-,-,-,B,A9C9,9CBA,11127051,-104.0,-15.0
2019.11.21_09.07.26,-8.442624,51.881129,32,B,11,5G,-103,-14,-9.0,9,-,0,0,I,-,-,-,-,-,B,A9C9,9CBA,11127051,-104.0,-15.0
2019.11.21_09.07.27,-8.442624,51.881129,32,B,11,5G,-106,-16,-8.0,10,-,0,0,I,-,-,-,-,-,B,A9C9,9CBA,11127051,-104.0,-18.0
2019.11.21_09.07.28,-8.442624,51.881129,32,B,11,5G,-106,-16,-8.0,10,-,0,0,I,-,-,-,-,-,B,A9C9,9CBA,11127051,-104.0,-18.0
2019.11.21_09.07.29,-8.442624,51.881129,32,B,12,5G,-105,-16,-6.0,6,-90,0,0,I,-,-,-,-,-,C,AAB6,9CBA,11187724,-,-
2019.11.21_09.07.30,-8.442624,51.881129,32,B,12,5G,-105,-16,-6.0,6,-88,2,4,D,-,-,-,-,-,C,AAB6,9CBA,11187724,-,-
2019.11.21_09.07.31,-8.442624,51.881129,32,B,11,5G,-106,-16,-8.0,11,-93,0,0,I,-,-,-,-,-,B,A9C9,9CBA,11127051,-108.0,-3.0
2019.11.21_09.07.32,-8.442624,51.881129,32,B,11,5G,-106,-16,-8.0,8,-94,2,4,D,-,-,-,-,-,B,A9C9,9CBA,11127051,-108.0,-3.0
2019.11.21_09.07.33,-8.441376,51.88058,36,B,11,5G,-106,-16,-8.0,8,-94,2,4,D,-,-,-,-,-,B,A9C9,9CBA,11127051,-108.0,-3.0
2019.11.21_09.07.33,-8.441376,51.88058,36,B,11,5G,-108,-16,-8.0,8,-94,0,0,I,-,-,-,-,-,B,A9C9,9CBA,11127051,-108.0,-16.0
2019.11.21_09.07.34,-8.441376,51.88058,36,B,11,5G,-108,-16,-8.0,8,-94,0,0,D,-,-,-,-,-,B,A9C9,9CBA,11127051,-108.0,-16.0
2019.11.21_09.07.36,-8.441376,51.88058,36,B,11,5G,-107,-16,-8.0,8,-94,0,0,I,-,-,-,-,-,B,A9C9,9CBA,11127051,-109.0,-16.0
2019.11.21_09.07.37,-8.441376,51.88058,36,B,11,5G,-107,-16,-8.0,8,-94,0,0,I,-,-,-,-,-,B,A9C9,9CBA,11127051,-109.0,-16.0
2019.11.21_09.07.38,-8.441376,51.88058,36,B,11,5G,-108,-17,-5.0,7,-94,0,0,I,-,-,-,-,-,B,A9C9,9CBA,11127051,-106.0,-3.0
2019.11.21_09.07.39,-8.441376,51.88058,36,B,11,5G,-108,-17,-5.0,7,-94,0,0,I,-,-,-,-,-,B,A9C9,9CBA,11127051,-106.0,-3.0
2019.11.21_09.07.40,-8.441376,51.88058,36,B,11,5G,-106,-17,-2.0,6,-94,0,0,I,-,-,-,-,-,B,A9C9,9CBA,11127051,-111.0,-5.0
2019.11.21_09.07.41,-8.441376,51.88058,36,B,11,5G,-106,-17,-2.0,6,-94,0,0,I,-,-,-,-,-,B,A9C9,9CBA,11127051,-111.0,-5.0
2019.11.21_09.07.42,-8.441376,51.88058,36,B,11,5G,-105,-17,-7.0,9,-91,0,0,I,-,-,-,-,-,B,A9C9,9CBA,11127051,-104.0,-20.0
2019.11.21_09.07.43,-8.441376,51.88058,36,B,11,5G,-105,-17,-7.0,8,-93,2,1,D,-,-,-,-,-,B,A9C9,9CBA,11127051,-104.0,-20.0
2019.11.21_09.07.44,-8.441376,51.88058,36,B,11,5G,-106,-16,-14.0,8,-93,0,0,I,-,-,-,-,-,B,A9C9,9CBA,11127051,-,-
2019.11.21_09.07.45,-8.441376,51.88058,36,B,11,5G,-106,-16,-14.0,8,-93,0,0,D,-,-,-,-,-,B,A9C9,9CBA,11127051,-,-
2019.11.21_09.07.46,-8.440213,51.879988,30,B,11,5G,-106,-16,-14.0,9,-88,0,0,I,-,-,-,-,-,B,A9C9,9CBA,11127051,-,-
2019.11.21_09.07.46,-8.440213,51.879988,30,B,11,5G,-104,-17,-6.0,9,-88,0,0,I,-,-,-,-,-,B,A9C9,9CBA,11127051,-101.0,-14.0
2019.11.21_09.07.47,-8.440213,51.879988,30,B,11,5G,-104,-17,-6.0,9,-92,0,0,I,-,-,-,-,-,B,A9C9,9CBA,11127051,-101.0,-14.0
2019.11.21_09.07.48,-8.440213,51.879988,30,B,11,5G,-106,-17,-10.0,8,-94,0,0,I,-,-,-,-,-,B,A9C9,9CBA,11127051,-101.0,-14.0
2019.11.21_09.07.50,-8.440213,51.879988,30,B,11,5G,-106,-17,-10.0,8,-94,0,0,I,-,-,-,-,-,B,A9C9,9CBA,11127051,-101.0,-14.0
2019.11.21_09.07.51,-8.440213,51.879988,30,B,11,5G,-103,-16,-6.0,6,-93,2,4,D,-,-,-,-,-,B,A9C9,9CBA,11127051,-101.0,-15.0
2019.11.21_09.07.52,-8.440213,51.879988,30,B,11,5G,-103,-16,-6.0,6,-93,0,0,D,-,-,-,-,-,B,A9C9,9CBA,11127051,-101.0,-15.0
2019.11.21_09.07.53,-8.440213,51.879988,30,B,12,5G,-108,-17,-12.0,6,-93,2,4,D,-,-,-,-,-,C,AAB6,9CBA,11187724,-,-
2019.11.21_09.07.54,-8.440213,51.879988,30,B,12,5G,-108,-17,-12.0,9,-94,10272,85,D,-,-,-,-,-,C,AAB6,9CBA,11187724,-,-
2019.11.21_09.07.55,-8.440213,51.879988,30,B,12,5G,-108,-19,-11.0,9,-94,220,24,D,-,-,-,-,-,C,AAB6,9CBA,11187724,-109.0,-19.0
2019.11.21_09.07.57,-8.439047,51.879446,38,B,2,LTE,-108,-11,-6.0,8,-94,1257,28,D,-,-,-,-,-,2,36A40,9CBA,57294850,-112.0,-15.0
2019.11.21_09.07.58,-8.439047,51.879446,38,B,2,LTE,-108,-11,-6.0,8,-90,11,0,D,-,-,-,-,-,2,36A40,9CBA,57294850,-112.0,-15.0
2019.11.21_09.07.59,-8.439047,51.879446,38,B,2,LTE,-111,-13,-3.0,5,-92,0,0,I,-,-,-,-,-,2,36A40,9CBA,57294850,-114.0,-16.0
2019.11.21_09.08.00,-8.439047,51.879446,38,B,2,LTE,-111,-13,-3.0,3,-94,0,0,I,-,-,-,-,-,2,36A40,9CBA,57294850,-114.0,-16.0
2019.11.21_09.08.01,-8.439047,51.879446,38,B,2,LTE,-111,-16,-6.0,3,-94,0,0,I,-,-,-,-,-,2,36A40,9CBA,57294850,-113.0,-17.0
2019.11.21_09.08.02,-8.439047,51.879446,38,B,2,LTE,-111,-16,-6.0,3,-94,0,0,I,-,-,-,-,-,2,36A40,9CBA,57294850,-113.0,-17.0
2019.11.21_09.08.03,-8.439047,51.879446,38,B,2,LTE,-112,-17,-7.0,3,-94,0,0,I,-,-,-,-,-,2,36A40,9CBA,57294850,-113.0,-17.0
2019.11.21_09.08.04,-8.439047,51.879446,38,B,2,LTE,-112,-17,-7.0,3,-94,0,0,I,-,-,-,-,-,2,36A40,9CBA,57294850,-113.0,-17.0
2019.11.21_09.08.05,-8.439047,51.879446,38,B,2,LTE,-112,-17,-7.0,5,-92,178,119,D,-,-,-,-,-,2,36A40,9CBA,57294850,-113.0,-17.0
2019.11.21_09.08.07,-8.439047,51.879446,38,B,2,LTE,-112,-17,-7.0,5,-92,10,14,D,-,-,-,-,-,2,36A40,9CBA,57294850,-113.0,-17.0
2019.11.21_09.08.08,-8.439047,51.879446,38,B,2,LTE,-109,-13,-5.0,5,-92,0,0,D,-,-,-,-,-,2,36A40,9CBA,57294850,-116.0,-19.0
2019.11.21_09.08.09,-8.439047,51.879446,38,B,2,LTE,-109,-13,-5.0,5,-92,15,27,D,-,-,-,-,-,2,36A40,9CBA,57294850,-116.0,-19.0
2019.11.21_09.08.10,-8.439047,51.879446,38,B,2,LTE,-109,-14,-5.0,5,-92,0,0,D,-,-,-,-,-,2,36A40,9CBA,57294850,-115.0,-19.0
2019.11.21_09.08.11,-8.439047,51.879446,38,B,2,LTE,-109,-14,-5.0,5,-92,36,4,D,-,-,-,-,-,2,36A40,9CBA,57294850,-115.0,-19.0
2019.11.21_09.08.12,-8.439047,51.879446,38,B,2,LTE,-109,-13,-5.0,5,-92,8,5,D,-,-,-,-,-,2,36A40,9CBA,57294850,-116.0,-20.0
2019.11.21_09.08.13,-8.439047,51.879446,38,B,2,LTE,-109,-13,-5.0,5,-92,0,0,I,-,-,-,-,-,2,36A40,9CBA,57294850,-116.0,-20.0
2019.11.21_09.08.14,-8.439047,51.879446,38,B,2,LTE,-110,-14,-5.0,5,-92,2,4,D,-,-,-,-,-,2,36A40,9CBA,57294850,-116.0,-19.0
2019.11.21_09.08.15,-8.439047,51.879446,38,B,2,LTE,-110,-14,-5.0,5,-92,0,0,I,-,-,-,-,-,2,36A40,9CBA,57294850,-116.0,-19.0
2019.11.21_09.08.16,-8.439047,51.879446,38,B,2,LTE,-109,-13,-6.0,5,-92,2,4,D,-,-,-,-,-,2,36A40,9CBA,57294850,-117.0,-20.0
2019.11.21_09.08.17,-8.439047,51.879446,38,B,2,LTE,-109,-13,-6.0,5,-92,15,16,D,-,-,-,-,-,2,36A40,9CBA,57294850,-117.0,-20.0
2019.11.21_09.08.18,-8.439047,51.879446,38,B,2,LTE,-109,-13,-6.0,5,-92,0,0,D,-,-,-,-,-,2,36A40,9CBA,57294850,-117.0,-19.0
2019.11.21_09.08.19,-8.439047,51.879446,38,B,2,LTE,-109,-13,-6.0,5,-92,0,0,I,-,-,-,-,-,2,36A40,9CBA,57294850,-117.0,-19.0
2019.11.21_09.08.20,-8.439047,51.879446,38,B,2,LTE,-110,-13,-4.0,5,-92,0,0,I,-,-,-,-,-,2,36A40,9CBA,57294850,-116.0,-19.0
2019.11.21_09.08.21,-8.439047,51.879446,38,B,2,LTE,-110,-13,-4.0,5,-92,0,0,I,-,-,-,-,-,2,36A40,9CBA,57294850,-116.0,-19.0
2019.11.21_09.08.22,-8.439047,51.879446,38,B,2,LTE,-109,-14,-7.0,5,-92,0,0,I,-,-,-,-,-,2,36A40,9CBA,57294850,-115.0,-19.0
2019.11.21_09.08.23,-8.439047,51.879446,38,B,2,LTE,-109,-14,-7.0,5,-92,0,0,I,-,-,-,-,-,2,36A40,9CBA,57294850,-115.0,-19.0
2019.11.21_09.08.24,-8.439047,51.879446,38,B,2,LTE,-109,-14,-5.0,5,-92,0,0,I,-,-,-,-,-,2,36A40,9CBA,57294850,-116.0,-19.0
2019.11.21_09.08.26,-8.439047,51.879446,38,B,2,LTE,-109,-14,-5.0,5,-92,0,0,I,-,-,-,-,-,2,36A40,9CBA,57294850,-116.0,-19.0
2019.11.21_09.08.27,-8.439047,51.879446,38,B,2,LTE,-109,-14,-5.0,5,-92,0,0,I,-,-,-,-,-,2,36A40,9CBA,57294850,-116.0,-19.0
2019.11.21_09.08.28,-8.439047,51.879446,38,B,2,LTE,-109,-14,-5.0,5,-92,0,0,I,-,-,-,-,-,2,36A40,9CBA,57294850,-116.0,-19.0
2019.11.21_09.08.29,-8.439047,51.879446,38,B,2,LTE,-109,-12,-6.0,5,-92,0,0,I,-,-,-,-,-,2,36A40,9CBA,57294850,-,-
2019.11.21_09.08.30,-8.439047,51.879446,38,B,2,LTE,-109,-12,-6.0,5,-92,0,0,I,-,-,-,-,-,2,36A40,9CBA,57294850,-,-
2019.11.21_09.08.31,-8.439047,51.879446,38,B,3,LTE,-97,-7,4.0,5,-92,0,0,I,-,-,-,-,-,3,4324A,9CBA,70404611,-96.0,-6.0
2019.11.21_09.08.32,-8.439047,51.879446,38,B,3,LTE,-97,-7,4.0,11,-80,0,0,I,-,-,-,-,-,3,4324A,9CBA,70404611,-96.0,-6.0
2019.11.21_09.08.33,-8.439047,51.879446,38,B,3,LTE,-95,-6,8.0,9,-78,2,4,D,-,-,-,-,-,3,4324A,9CBA,70404611,-,-
2019.11.21_09.08.34,-8.439047,51.879446,38,B,3,LTE,-95,-6,8.0,9,-78,0,0,I,-,-,-,-,-,3,4324A,9CBA,70404611,-,-
2019.11.21_09.08.35,-8.439047,51.879446,38,B,3,LTE,-95,-7,10.0,9,-78,2,4,D,-,-,-,-,-,3,4324A,9CBA,70404611,-,-
2019.11.21_09.08.36,-8.439047,51.879446,38,B,3,LTE,-95,-7,10.0,9,-78,0,0,I,-,-,-,-,-,3,4324A,9CBA,70404611,-,-
2019.11.21_09.08.37,-8.439047,51.879446,38,B,3,LTE,-96,-7,7.0,9,-,3,5,D,-,-,-,-,-,3,4324A,9CBA,70404611,-,-
2019.11.21_09.08.38,-8.439047,51.879446,38,B,3,LTE,-96,-7,7.0,9,-,0,0,I,-,-,-,-,-,3,4324A,9CBA,70404611,-,-
2019.11.21_09.08.39,-8.439047,51.879446,38,B,3,LTE,-95,-8,8.0,10,-80,0,0,I,-,-,-,-,-,3,4324A,9CBA,70404611,-,-
2019.11.21_09.08.41,-8.439047,51.879446,38,B,3,LTE,-95,-8,8.0,10,-80,0,0,I,-,-,-,-,-,3,4324A,9CBA,70404611,-,-
2019.11.21_09.08.42,-8.439047,51.879446,38,B,3,LTE,-97,-8,4.0,10,-80,10015,330,D,-,-,-,-,-,3,4324A,9CBA,70404611,-,-
2019.11.21_09.08.43,-8.439047,51.879446,38,B,3,LTE,-97,-8,4.0,10,-80,0,0,D,-,-,-,-,-,3,4324A,9CBA,70404611,-,-
2019.11.21_09.08.44,-8.439047,51.879446,38,B,3,LTE,-97,-7,7.0,10,-80,0,0,I,-,-,-,-,-,3,4324A,9CBA,70404611,-,-
2019.11.21_09.08.45,-8.439047,51.879446,38,B,3,LTE,-97,-7,7.0,10,-80,0,0,I,-,-,-,-,-,3,4324A,9CBA,70404611,-,-
2019.11.21_09.08.46,-8.439047,51.879446,38,B,3,LTE,-96,-7,7.0,10,-80,0,0,I,-,-,-,-,-,3,4324A,9CBA,70404611,-,-
2019.11.21_09.08.47,-8.439047,51.879446,38,B,3,LTE,-96,-7,7.0,10,-78,0,0,I,-,-,-,-,-,3,4324A,9CBA,70404611,-,-
2019.11.21_09.08.48,-8.439047,51.879446,38,B,3,LTE,-97,-7,12.0,8,-80,0,0,I,-,-,-,-,-,3,4324A,9CBA,70404611,-,-
2019.11.21_09.08.49,-8.439047,51.879446,38,B,3,LTE,-97,-7,12.0,8,-80,0,0,I,-,-,-,-,-,3,4324A,9CBA,70404611,-,-
2019.11.21_09.08.50,-8.439047,51.879446,38,B,3,LTE,-96,-7,11.0,8,-80,0,0,I,-,-,-,-,-,3,4324A,9CBA,70404611,-,-
2019.11.21_09.08.51,-8.439047,51.879446,38,B,3,LTE,-96,-7,11.0,8,-80,0,0,I,-,-,-,-,-,3,4324A,9CBA,70404611,-,-
2019.11.21_09.08.52,-8.439047,51.879446,38,B,3,LTE,-95,-9,11.0,8,-80,0,0,I,-,-,-,-,-,3,4324A,9CBA,70404611,-,-
2019.11.21_09.08.53,-8.439047,51.879446,38,B,3,LTE,-95,-9,11.0,8,-80,0,0,I,-,-,-,-,-,3,4324A,9CBA,70404611,-,-
2019.11.21_09.08.54,-8.439047,51.879446,38,B,3,LTE,-95,-7,10.0,8,-80,3,5,D,-,-,-,-,-,3,4324A,9CBA,70404611,-,-
2019.11.21_09.08.56,-8.439047,51.879446,38,B,3,LTE,-95,-7,10.0,13,-78,2,4,D,-,-,-,-,-,3,4324A,9CBA,70404611,-,-
2019.11.21_09.08.57,-8.439047,51.879446,38,B,3,LTE,-97,-8,11.0,12,-80,0,0,D,-,-,-,-,-,3,4324A,9CBA,70404611,-,-
2019.11.21_09.08.58,-8.439047,51.879446,38,B,3,LTE,-97,-8,11.0,12,-80,2,4,D,-,-,-,-,-,3,4324A,9CBA,70404611,-,-
2019.11.21_09.08.59,-8.439047,51.879446,38,B,3,LTE,-96,-7,10.0,12,-80,0,0,D,-,-,-,-,-,3,4324A,9CBA,70404611,-,-
2019.11.21_09.09.00,-8.439047,51.879446,38,B,3,LTE,-96,-7,10.0,12,-80,0,0,I,-,-,-,-,-,3,4324A,9CBA,70404611,-,-
2019.11.21_09.09.01,-8.439047,51.879446,38,B,3,LTE,-96,-7,8.0,10,-78,0,0,I,-,-,-,-,-,3,4324A,9CBA,70404611,-,-
2019.11.21_09.09.02,-8.439047,51.879446,38,B,3,LTE,-96,-7,8.0,12,-80,0,2,D,-,-,-,-,-,3,4324A,9CBA,70404611,-,-
2019.11.21_09.09.03,-8.439047,51.879446,38,B,3,LTE,-99,-8,5.0,12,-80,0,0,I,-,-,-,-,-,3,4324A,9CBA,70404611,-,-
2019.11.21_09.09.04,-8.439047,51.879446,38,B,3,LTE,-99,-8,5.0,9,-82,0,0,I,-,-,-,-,-,3,4324A,9CBA,70404611,-,-
2019.11.21_09.09.05,-8.439047,51.879446,38,B,3,LTE,-98,-8,10.0,14,-80,0,0,I,-,-,-,-,-,3,4324A,9CBA,70404611,-,-
2019.11.21_09.09.06,-8.439047,51.879446,38,B,3,LTE,-98,-8,10.0,14,-80,0,0,I,-,-,-,-,-,3,4324A,9CBA,70404611,-,-
2019.11.21_09.09.07,-8.439047,51.879446,38,B,3,LTE,-97,-8,11.0,14,-80,0,0,I,-,-,-,-,-,3,4324A,9CBA,70404611,-,-
2019.11.21_09.09.08,-8.439047,51.879446,38,B,3,LTE,-97,-8,11.0,14,-80,15,27,D,-,-,-,-,-,3,4324A,9CBA,70404611,-,-
2019.11.21_09.09.09,-8.439047,51.879446,38,B,3,LTE,-97,-9,7.0,14,-80,0,0,I,-,-,-,-,-,3,4324A,9CBA,70404611,-,-
2019.11.21_09.09.11,-8.439047,51.879446,38,B,3,LTE,-97,-9,7.0,14,-80,0,0,I,-,-,-,-,-,3,4324A,9CBA,70404611,-,-
2019.11.21_09.09.12,-8.439047,51.879446,38,B,3,LTE,-97,-8,6.0,14,-80,0,0,D,-,-,-,-,-,3,4324A,9CBA,70404611,-,-
2019.11.21_09.09.13,-8.439047,51.879446,38,B,3,LTE,-97,-8,6.0,14,-80,0,0,I,-,-,-,-,-,3,4324A,9CBA,70404611,-,-
2019.11.21_09.09.14,-8.439047,51.879446,38,B,3,LTE,-98,-7,8.0,14,-80,0,0,I,-,-,-,-,-,3,4324A,9CBA,70404611,-,-
2019.11.21_09.09.15,-8.439047,51.879446,38,B,3,LTE,-98,-7,8.0,14,-80,2,4,D,-,-,-,-,-,3,4324A,9CBA,70404611,-,-
2019.11.21_09.09.16,-8.439047,51.879446,38,B,3,LTE,-97,-7,11.0,14,-80,0,0,D,-,-,-,-,-,3,4324A,9CBA,70404611,-,-
2019.11.21_09.09.17,-8.439047,51.879446,38,B,3,LTE,-97,-7,11.0,14,-80,2,4,D,-,-,-,-,-,3,4324A,9CBA,70404611,-,-
2019.11.21_09.09.18,-8.439047,51.879446,38,B,3,LTE,-92,-7,9.0,15,-75,0,0,D,-,-,-,-,-,3,4324A,9CBA,70404611,-,-
2019.11.21_09.09.19,-8.439047,51.879446,38,B,3,LTE,-92,-7,9.0,15,-75,2,4,D,-,-,-,-,-,3,4324A,9CBA,70404611,-,-
2019.11.21_09.09.20,-8.439047,51.879446,38,B,3,LTE,-95,-8,14.0,7,-78,0,0,I,-,-,-,-,-,3,4324A,9CBA,70404611,-,-
2019.11.21_09.09.21,-8.439047,51.879446,38,B,3,LTE,-95,-8,14.0,7,-78,26,17,D,-,-,-,-,-,3,4324A,9CBA,70404611,-,-
2019.11.21_09.09.22,-8.439047,51.879446,38,B,3,LTE,-88,-8,14.0,11,-74,0,0,D,-,-,-,-,-,3,4324A,9CBA,70404611,-,-
2019.11.21_09.09.23,-8.439047,51.879446,38,B,3,LTE,-88,-8,14.0,14,-70,0,0,I,-,-,-,-,-,3,4324A,9CBA,70404611,-,-
2019.11.21_09.09.24,-8.439047,51.879446,38,B,3,LTE,-88,-8,12.0,12,-72,0,0,I,-,-,-,-,-,3,4324A,9CBA,70404611,-,-
2019.11.21_09.09.27,-8.437897999999999,51.878887,29,B,3,LTE,-87,-7,20.0,12,-72,13669,166,D,-,-,-,-,-,3,4324A,9CBA,70404611,-,-
2019.11.21_09.09.28,-8.437897999999999,51.878887,29,B,3,LTE,-87,-7,20.0,14,-,3867,270,D,-,-,-,-,-,3,4324A,9CBA,70404611,-,-
2019.11.21_09.09.29,-8.437897999999999,51.878887,29,B,3,LTE,-82,-7,25.0,11,-64,0,0,I,-,-,-,-,-,3,4324A,9CBA,70404611,-,-
2019.11.21_09.09.30,-8.437897999999999,51.878887,29,B,3,LTE,-82,-7,25.0,15,-58,0,0,I,-,-,-,-,-,3,4324A,9CBA,70404611,-,-
2019.11.21_09.09.31,-8.437897999999999,51.878887,29,B,3,LTE,-72,-6,25.0,15,-55,0,0,I,-,-,-,-,-,3,4324A,9CBA,70404611,-,-
2019.11.21_09.09.32,-8.437897999999999,51.878887,29,B,3,LTE,-72,-6,25.0,15,-55,5,1,D,-,-,-,-,-,3,4324A,9CBA,70404611,-,-
2019.11.21_09.09.33,-8.437897999999999,51.878887,29,B,3,LTE,-73,-8,13.0,15,-55,0,0,I,-,-,-,-,-,3,4324A,9CBA,70404611,-,-
2019.11.21_09.09.34,-8.437897999999999,51.878887,29,B,3,LTE,-73,-8,13.0,15,-55,0,0,I,-,-,-,-,-,3,4324A,9CBA,70404611,-,-
2019.11.21_09.09.35,-8.437897999999999,51.878887,29,B,3,LTE,-77,-7,22.0,15,-60,0,0,I,-,-,-,-,-,3,4324A,9CBA,70404611,-,-
2019.11.21_09.09.36,-8.437897999999999,51.878887,29,B,3,LTE,-77,-7,22.0,15,-60,2,4,D,-,-,-,-,-,3,4324A,9CBA,70404611,-,-
2019.11.21_09.09.37,-8.437897999999999,51.878887,29,B,3,LTE,-75,-5,9.0,15,-60,0,0,I,-,-,-,-,-,3,4324A,9CBA,70404611,-,-
2019.11.21_09.09.38,-8.437897999999999,51.878887,29,B,3,LTE,-75,-5,9.0,13,-62,2,4,D,-,-,-,-,-,3,4324A,9CBA,70404611,-,-
2019.11.21_09.09.39,-8.436572,51.878406,27,B,3,LTE,-75,-5,9.0,13,-62,2,4,D,-,-,-,-,-,3,4324A,9CBA,70404611,-,-
2019.11.21_09.09.39,-8.436572,51.878406,27,B,3,LTE,-75,-7,21.0,15,-58,0,0,I,-,-,-,-,-,3,4324A,9CBA,70404611,-,-
2019.11.21_09.09.40,-8.436572,51.878406,27,B,3,LTE,-75,-7,21.0,12,-60,2,4,D,-,-,-,-,-,3,4324A,9CBA,70404611,-,-
2019.11.21_09.09.42,-8.436572,51.878406,27,B,3,LTE,-76,-7,20.0,10,-62,0,0,I,-,-,-,-,-,3,4324A,9CBA,70404611,-,-
2019.11.21_09.09.43,-8.436572,51.878406,27,B,3,LTE,-76,-7,20.0,10,-62,0,0,I,-,-,-,-,-,3,4324A,9CBA,70404611,-,-
2019.11.21_09.09.44,-8.436572,51.878406,27,B,3,LTE,-74,-7,23.0,11,-58,0,0,I,-,-,-,-,-,3,4324A,9CBA,70404611,-,-
2019.11.21_09.09.45,-8.436572,51.878406,27,B,3,LTE,-74,-7,23.0,11,-58,0,0,I,-,-,-,-,-,3,4324A,9CBA,70404611,-,-
2019.11.21_09.09.46,-8.436572,51.878406,27,B,3,LTE,-78,-6,19.0,15,-61,0,0,I,-,-,-,-,-,3,4324A,9CBA,70404611,-,-
2019.11.21_09.09.47,-8.436572,51.878406,27,B,3,LTE,-78,-6,19.0,15,-61,0,0,I,-,-,-,-,-,3,4324A,9CBA,70404611,-,-
2019.11.21_09.09.48,-8.436572,51.878406,27,B,3,LTE,-79,-7,23.0,15,-56,0,0,I,-,-,-,-,-,3,4324A,9CBA,70404611,-,-
2019.11.21_09.09.49,-8.436572,51.878406,27,B,3,LTE,-79,-7,23.0,15,-56,0,0,I,-,-,-,-,-,3,4324A,9CBA,70404611,-,-
2019.11.21_09.09.50,-8.435211,51.878783,33,B,3,LTE,-79,-7,23.0,15,-50,0,0,I,-,-,-,-,-,3,4324A,9CBA,70404611,-,-
2019.11.21_09.09.50,-8.435211,51.878783,33,B,3,LTE,-68,-10,22.0,15,-50,0,0,I,-,-,-,-,-,3,4324A,9CBA,70404611,-,-
2019.11.21_09.09.51,-8.435211,51.878783,33,B,3,LTE,-68,-10,22.0,15,-50,0,0,I,-,-,-,-,-,3,4324A,9CBA,70404611,-,-
2019.11.21_09.09.52,-8.435211,51.878783,33,B,3,LTE,-68,-5,26.0,15,-50,0,0,I,-,-,-,-,-,3,4324A,9CBA,70404611,-,-
2019.11.21_09.09.53,-8.435211,51.878783,33,B,3,LTE,-68,-5,26.0,15,-50,0,0,I,-,-,-,-,-,3,4324A,9CBA,70404611,-,-
2019.11.21_09.09.54,-8.435211,51.878783,33,B,3,LTE,-67,-5,25.0,15,-50,0,0,I,-,-,-,-,-,3,4324A,9CBA,70404611,-,-
2019.11.21_09.09.55,-8.435211,51.878783,33,B,3,LTE,-67,-5,25.0,15,-50,0,0,I,-,-,-,-,-,3,4324A,9CBA,70404611,-,-
2019.11.21_09.09.57,-8.435211,51.878783,33,B,3,LTE,-66,-9,29.0,15,-50,2,4,D,-,-,-,-,-,3,4324A,9CBA,70404611,-,-
2019.11.21_09.09.58,-8.435211,51.878783,33,B,3,LTE,-66,-9,29.0,15,-50,0,0,D,-,-,-,-,-,3,4324A,9CBA,70404611,-,-
2019.11.21_09.09.59,-8.435211,51.878783,33,B,3,LTE,-65,-6,17.0,14,-45,2,4,D,-,-,-,-,-,3,4324A,9CBA,70404611,-,-
2019.11.21_09.10.00,-8.435211,51.878783,33,B,3,LTE,-65,-6,17.0,15,-54,0,0,D,-,-,-,-,-,3,4324A,9CBA,70404611,-,-
2019.11.21_09.10.01,-8.435211,51.878783,33,B,3,LTE,-61,-7,19.0,15,-48,2,4,D,-,-,-,-,-,3,4324A,9CBA,70404611,-,-
2019.11.21_09.10.01,-8.433759,51.878714,29,B,3,LTE,-61,-7,19.0,15,-48,2,4,D,-,-,-,-,-,3,4324A,9CBA,70404611,-,-
2019.11.21_09.10.02,-8.433759,51.878714,29,B,3,LTE,-61,-7,19.0,15,-44,0,0,D,-,-,-,-,-,3,4324A,9CBA,70404611,-,-
2019.11.21_09.10.03,-8.433759,51.878714,29,B,3,LTE,-71,-6,29.0,14,-54,0,0,I,-,-,-,-,-,3,4324A,9CBA,70404611,-,-
2019.11.21_09.10.04,-8.433759,51.878714,29,B,3,LTE,-71,-6,29.0,15,-48,0,0,I,-,-,-,-,-,3,4324A,9CBA,70404611,-,-
2019.11.21_09.10.05,-8.433759,51.878714,29,B,3,LTE,-65,-5,17.0,15,-48,0,0,I,-,-,-,-,-,3,4324A,9CBA,70404611,-,-
2019.11.21_09.10.06,-8.433759,51.878714,29,B,3,LTE,-65,-5,17.0,15,-48,0,0,I,-,-,-,-,-,3,4324A,9CBA,70404611,-,-
2019.11.21_09.10.07,-8.433759,51.878714,29,B,3,LTE,-59,-5,15.0,14,-45,0,0,I,-,-,-,-,-,3,4324A,9CBA,70404611,-,-
2019.11.21_09.10.08,-8.433759,51.878714,29,B,3,LTE,-59,-5,15.0,15,-42,15,27,D,-,-,-,-,-,3,4324A,9CBA,70404611,-,-
2019.11.21_09.10.09,-8.433759,51.878714,29,B,3,LTE,-59,-5,23.0,15,-42,0,0,I,-,-,-,-,-,3,4324A,9CBA,70404611,-,-
2019.11.21_09.10.10,-8.433759,51.878714,29,B,3,LTE,-59,-5,23.0,15,-42,0,0,I,-,-,-,-,-,3,4324A,9CBA,70404611,-,-
2019.11.21_09.10.12,-8.433759,51.878714,29,B,3,LTE,-62,-6,19.0,15,-45,0,0,I,-,-,-,-,-,3,4324A,9CBA,70404611,-,-
2019.11.21_09.10.13,-8.433759,51.878714,29,B,3,LTE,-62,-6,19.0,15,-49,24459,398,D,-,-,-,-,-,3,4324A,9CBA,70404611,-,-
2019.11.21_09.10.14,-8.433759,51.878714,29,B,3,LTE,-68,-5,13.0,15,-49,0,0,D,-,-,-,-,-,3,4324A,9CBA,70404611,-,-
2019.11.21_09.10.15,-8.433759,51.878714,29,B,3,LTE,-68,-5,13.0,9,-51,0,0,I,-,-,-,-,-,3,4324A,9CBA,70404611,-,-
2019.11.21_09.10.16,-8.433759,51.878714,29,B,3,LTE,-66,-5,18.0,15,-58,0,0,I,-,-,-,-,-,3,4324A,9CBA,70404611,-,-
2019.11.21_09.10.17,-8.433759,51.878714,29,B,3,LTE,-66,-5,18.0,11,-49,0,0,I,-,-,-,-,-,3,4324A,9CBA,70404611,-,-
2019.11.21_09.10.18,-8.433759,51.878714,29,B,3,LTE,-63,-5,16.0,13,-46,2,4,D,-,-,-,-,-,3,4324A,9CBA,70404611,-,-
2019.11.21_09.10.19,-8.433759,51.878714,29,B,3,LTE,-63,-5,16.0,13,-46,0,0,D,-,-,-,-,-,3,4324A,9CBA,70404611,-,-
2019.11.21_09.10.20,-8.433759,51.878714,29,B,3,LTE,-65,-5,13.0,15,-43,2,4,D,-,-,-,-,-,3,4324A,9CBA,70404611,-,-
2019.11.21_09.10.21,-8.433759,51.878714,29,B,3,LTE,-65,-5,13.0,12,-52,0,0,D,-,-,-,-,-,3,4324A,9CBA,70404611,-,-
2019.11.21_09.10.22,-8.433759,51.878714,29,B,3,LTE,-67,-6,10.0,15,-55,2,4,D,-,-,-,-,-,3,4324A,9CBA,70404611,-,-
2019.11.21_09.10.23,-8.433759,51.878714,29,B,3,LTE,-67,-6,10.0,12,-52,0,0,I,-,-,-,-,-,3,4324A,9CBA,70404611,-,-
2019.11.21_09.10.24,-8.433759,51.878714,29,B,3,LTE,-69,-5,17.0,15,-55,0,0,I,-,-,-,-,-,3,4324A,9CBA,70404611,-,-
2019.11.21_09.10.25,-8.433759,51.878714,29,B,3,LTE,-69,-5,17.0,15,-55,0,0,I,-,-,-,-,-,3,4324A,9CBA,70404611,-,-
2019.11.21_09.10.27,-8.433759,51.878714,29,B,3,LTE,-66,-5,9.0,14,-49,0,0,I,-,-,-,-,-,3,4324A,9CBA,70404611,-75.0,-13.0
2019.11.21_09.10.28,-8.433759,51.878714,29,B,3,LTE,-66,-5,9.0,13,-55,0,0,I,-,-,-,-,-,3,4324A,9CBA,70404611,-75.0,-13.0
2019.11.21_09.10.29,-8.433759,51.878714,29,B,3,LTE,-74,-7,8.0,13,-55,0,0,I,-,-,-,-,-,3,4324A,9CBA,70404611,-75.0,-12.0
2019.11.21_09.10.30,-8.433759,51.878714,29,B,3,LTE,-74,-7,8.0,11,-58,0,0,I,-,-,-,-,-,3,4324A,9CBA,70404611,-75.0,-12.0
2019.11.21_09.10.31,-8.433759,51.878714,29,B,3,LTE,-72,-7,17.0,11,-58,0,0,I,-,-,-,-,-,3,4324A,9CBA,70404611,-77.0,-11.0
2019.11.21_09.10.32,-8.433759,51.878714,29,B,3,LTE,-72,-7,17.0,11,-58,0,0,I,-,-,-,-,-,3,4324A,9CBA,70404611,-77.0,-11.0
2019.11.21_09.10.33,-8.432472,51.879149,17,B,3,LTE,-76,-9,2.0,11,-58,0,0,I,-,-,-,-,-,3,4324A,9CBA,70404611,-77.0,-11.0
2019.11.21_09.10.33,-8.432472,51.879149,17,B,3,LTE,-76,-9,2.0,11,-58,0,0,I,-,-,-,-,-,3,4324A,9CBA,70404611,-73.0,-7.0
2019.11.21_09.10.34,-8.432472,51.879149,17,B,3,LTE,-76,-9,2.0,14,-62,0,0,I,-,-,-,-,-,3,4324A,9CBA,70404611,-73.0,-7.0
2019.11.21_09.10.35,-8.432472,51.879149,17,B,3,LTE,-79,-14,0.0,14,-62,0,0,I,-,-,-,-,-,3,4324A,9CBA,70404611,-73.0,-8.0
2019.11.21_09.10.36,-8.432472,51.879149,17,B,3,LTE,-79,-14,0.0,14,-62,0,0,I,-,-,-,-,-,3,4324A,9CBA,70404611,-73.0,-8.0
2019.11.21_09.10.37,-8.432472,51.879149,17,B,3,LTE,-79,-13,0.0,14,-62,0,0,I,-,-,-,-,-,3,4324A,9CBA,70404611,-73.0,-7.0
2019.11.21_09.10.38,-8.432472,51.879149,17,B,3,LTE,-79,-13,0.0,14,-62,0,0,I,-,-,-,-,-,3,4324A,9CBA,70404611,-73.0,-7.0
2019.11.21_09.10.39,-8.432472,51.879149,17,B,1,LTE,-72,-9,6.0,14,-62,2,4,D,-,-,-,-,-,1,4324A,9CBA,70404609,-,-
2019.11.21_09.10.40,-8.432472,51.879149,17,B,1,LTE,-72,-9,6.0,6,-56,0,0,I,-,-,-,-,-,1,4324A,9CBA,70404609,-,-
2019.11.21_09.10.41,-8.432472,51.879149,17,B,1,LTE,-71,-10,1.0,12,-52,2,4,D,-,-,-,-,-,1,4324A,9CBA,70404609,-,-
2019.11.21_09.10.43,-8.432472,51.879149,17,B,1,LTE,-71,-10,1.0,12,-52,2,4,D,-,-,-,-,-,1,4324A,9CBA,70404609,-,-
2019.11.21_09.10.44,-8.432472,51.879149,17,B,1,LTE,-72,-9,11.0,13,-54,0,0,D,-,-,-,-,-,1,4324A,9CBA,70404609,-75.0,-15.0
2019.11.21_09.10.45,-8.432472,51.879149,17,B,1,LTE,-72,-9,11.0,13,-54,0,0,I,-,-,-,-,-,1,4324A,9CBA,70404609,-75.0,-15.0
2019.11.21_09.10.46,-8.432472,51.879149,17,B,1,LTE,-69,-7,16.0,14,-52,0,0,I,-,-,-,-,-,1,4324A,9CBA,70404609,-75.0,-15.0
2019.11.21_09.10.47,-8.432472,51.879149,17,B,1,LTE,-69,-7,16.0,14,-52,0,0,I,-,-,-,-,-,1,4324A,9CBA,70404609,-75.0,-15.0
2019.11.21_09.10.48,-8.432472,51.879149,17,B,1,LTE,-66,-6,15.0,14,-52,0,0,I,-,-,-,-,-,1,4324A,9CBA,70404609,-74.0,-12.0
2019.11.21_09.10.49,-8.432472,51.879149,17,B,1,LTE,-66,-6,15.0,15,-50,0,0,I,-,-,-,-,-,1,4324A,9CBA,70404609,-74.0,-12.0
2019.11.21_09.10.50,-8.432472,51.879149,17,B,1,LTE,-70,-7,7.0,15,-50,0,0,I,-,-,-,-,-,1,4324A,9CBA,70404609,-74.0,-12.0
2019.11.21_09.10.51,-8.432472,51.879149,17,B,1,LTE,-70,-7,7.0,12,-55,0,0,I,-,-,-,-,-,1,4324A,9CBA,70404609,-74.0,-12.0
2019.11.21_09.10.52,-8.432472,51.879149,17,B,1,LTE,-69,-7,8.0,14,-51,0,0,I,-,-,-,-,-,1,4324A,9CBA,70404609,-,-
2019.11.21_09.10.53,-8.432472,51.879149,17,B,1,LTE,-69,-7,8.0,14,-51,0,0,I,-,-,-,-,-,1,4324A,9CBA,70404609,-,-
2019.11.21_09.10.54,-8.432472,51.879149,17,B,1,LTE,-67,-7,11.0,15,-49,0,0,I,-,-,-,-,-,1,4324A,9CBA,70404609,-,-
2019.11.21_09.10.55,-8.432472,51.879149,17,B,1,LTE,-67,-7,11.0,15,-49,0,0,I,-,-,-,-,-,1,4324A,9CBA,70404609,-,-
2019.11.21_09.10.57,-8.432472,51.879149,17,B,1,LTE,-66,-8,16.0,15,-49,0,0,I,-,-,-,-,-,1,4324A,9CBA,70404609,-,-
2019.11.21_09.10.58,-8.432472,51.879149,17,B,1,LTE,-66,-8,16.0,15,-49,22733,247,D,-,-,-,-,-,1,4324A,9CBA,70404609,-,-
2019.11.21_09.10.59,-8.432472,51.879149,17,B,1,LTE,-64,-7,24.0,11,-51,0,0,D,-,-,-,-,-,1,4324A,9CBA,70404609,-,-
2019.11.21_09.11.00,-8.432472,51.879149,17,B,1,LTE,-64,-7,24.0,14,-47,2,4,D,-,-,-,-,-,1,4324A,9CBA,70404609,-,-
2019.11.21_09.11.01,-8.432472,51.879149,17,B,1,LTE,-70,-7,14.0,12,-51,0,0,D,-,-,-,-,-,1,4324A,9CBA,70404609,-,-
2019.11.21_09.11.02,-8.432472,51.879149,17,B,1,LTE,-70,-7,14.0,12,-51,2,4,D,-,-,-,-,-,1,4324A,9CBA,70404609,-,-
2019.11.21_09.11.03,-8.432472,51.879149,17,B,1,LTE,-69,-11,11.0,12,-51,0,0,D,-,-,-,-,-,1,4324A,9CBA,70404609,-,-
2019.11.21_09.11.04,-8.432472,51.879149,17,B,1,LTE,-69,-11,11.0,11,-53,2,4,D,-,-,-,-,-,1,4324A,9CBA,70404609,-,-
2019.11.21_09.11.05,-8.432472,51.879149,17,B,1,LTE,-65,-6,26.0,12,-48,0,0,D,-,-,-,-,-,1,4324A,9CBA,70404609,-76.0,-16.0
2019.11.21_09.11.06,-8.432472,51.879149,17,B,1,LTE,-65,-6,26.0,12,-48,0,0,I,-,-,-,-,-,1,4324A,9CBA,70404609,-76.0,-16.0
2019.11.21_09.11.07,-8.432472,51.879149,17,B,1,LTE,-69,-6,12.0,12,-48,0,0,I,-,-,-,-,-,1,4324A,9CBA,70404609,-,-
2019.11.21_09.11.08,-8.432472,51.879149,17,B,1,LTE,-69,-6,12.0,12,-50,15,27,D,-,-,-,-,-,1,4324A,9CBA,70404609,-,-
2019.11.21_09.11.09,-8.432472,51.879149,17,B,1,LTE,-73,-7,15.0,12,-56,0,0,D,-,-,-,-,-,1,4324A,9CBA,70404609,-,-
2019.11.21_09.11.10,-8.432472,51.879149,17,B,1,LTE,-73,-7,15.0,12,-56,0,0,I,-,-,-,-,-,1,4324A,9CBA,70404609,-,-
2019.11.21_09.11.11,-8.432472,51.879149,17,B,1,LTE,-72,-7,6.0,12,-56,0,0,I,-,-,-,-,-,1,4324A,9CBA,70404609,-78.0,-12.0
2019.11.21_09.11.13,-8.432472,51.879149,17,B,1,LTE,-72,-7,6.0,12,-56,0,0,I,-,-,-,-,-,1,4324A,9CBA,70404609,-78.0,-12.0
2019.11.21_09.11.14,-8.432472,51.879149,17,B,1,LTE,-72,-6,16.0,12,-56,0,0,I,-,-,-,-,-,1,4324A,9CBA,70404609,-78.0,-12.0
2019.11.21_09.11.15,-8.432472,51.879149,17,B,1,LTE,-72,-6,16.0,12,-56,0,0,I,-,-,-,-,-,1,4324A,9CBA,70404609,-78.0,-12.0
2019.11.21_09.11.16,-8.432472,51.879149,17,B,1,LTE,-72,-9,13.0,12,-56,0,0,I,-,-,-,-,-,1,4324A,9CBA,70404609,-78.0,-13.0
2019.11.21_09.11.17,-8.432472,51.879149,17,B,1,LTE,-72,-9,13.0,12,-56,0,0,I,-,-,-,-,-,1,4324A,9CBA,70404609,-78.0,-13.0
2019.11.21_09.11.18,-8.432472,51.879149,17,B,1,LTE,-72,-11,13.0,12,-56,0,0,I,-,-,-,-,-,1,4324A,9CBA,70404609,-78.0,-13.0
2019.11.21_09.11.19,-8.432472,51.879149,17,B,1,LTE,-72,-11,13.0,12,-56,0,0,I,-,-,-,-,-,1,4324A,9CBA,70404609,-78.0,-13.0
2019.11.21_09.11.20,-8.432472,51.879149,17,B,1,LTE,-72,-11,16.0,11,-58,0,0,I,-,-,-,-,-,1,4324A,9CBA,70404609,-,-
2019.11.21_09.11.21,-8.432472,51.879149,17,B,1,LTE,-72,-11,16.0,11,-58,69,20,D,-,-,-,-,-,1,4324A,9CBA,70404609,-,-
2019.11.21_09.11.22,-8.432472,51.879149,17,B,1,LTE,-76,-10,3.0,11,-58,55,13,D,-,-,-,-,-,1,4324A,9CBA,70404609,-84.0,-18.0
2019.11.21_09.11.23,-8.432472,51.879149,17,B,1,LTE,-76,-10,3.0,13,-60,108,25,D,-,-,-,-,-,1,4324A,9CBA,70404609,-84.0,-18.0
2019.11.21_09.11.24,-8.432472,51.879149,17,B,1,LTE,-77,-7,7.0,13,-60,74,12,D,-,-,-,-,-,1,4324A,9CBA,70404609,-84.0,-14.0
2019.11.21_09.11.25,-8.432472,51.879149,17,B,1,LTE,-77,-7,7.0,13,-60,2,4,D,-,-,-,-,-,1,4324A,9CBA,70404609,-84.0,-14.0
2019.11.21_09.11.26,-8.432472,51.879149,17,B,1,LTE,-78,-8,17.0,13,-60,0,0,I,-,-,-,-,-,1,4324A,9CBA,70404609,-85.0,-15.0
2019.11.21_09.11.27,-8.432472,51.879149,17,B,1,LTE,-78,-8,17.0,8,-63,0,0,I,-,-,-,-,-,1,4324A,9CBA,70404609,-85.0,-15.0
2019.11.21_09.11.28,-8.432472,51.879149,17,B,1,LTE,-78,-8,17.0,8,-63,0,0,I,-,-,-,-,-,1,4324A,9CBA,70404609,-85.0,-15.0
