Timestamp,Longitude,Latitude,Speed,Operatorname,CellID,NetworkMode,RSRP,RSRQ,SNR,CQI,RSSI,DL_bitrate,UL_bitrate,State,NRxRSRP,NRxRSRQ,ServingCell_Lon,ServingCell_Lat,ServingCell_Distance
2017.12.17_14.16.19,-8.482422,51.897052,0,B,1,LTE,-87,-12,18.0,12,-70,19885,286,D,-88,-13,-8.480411,51.895074,259.64999999999998
2017.12.17_14.16.20,-8.482422,51.897052,0,B,1,LTE,-86,-11,20.0,12,-67,24615,333,D,-87,-12,-8.480411,51.895074,259.64999999999998
2017.12.17_14.16.21,-8.482422,51.897052,0,B,1,LTE,-86,-11,20.0,13,-69,17570,265,D,-87,-12,-8.480411,51.895074,259.64999999999998
2017.12.17_14.16.22,-8.482422,51.897052,0,B,1,LTE,-86,-12,17.0,13,-69,19773,288,D,-86,-13,-8.480411,51.895074,259.64999999999998
2017.12.17_14.16.23,-8.482422,51.897052,0,B,1,LTE,-86,-12,17.0,12,-67,19091,270,D,-86,-13,-8.480411,51.895074,259.64999999999998
2017.12.17_14.16.24,-8.482422,51.897052,0,B,1,LTE,-84,-12,17.0,12,-67,23005,313,D,-86,-10,-8.480411,51.895074,259.64999999999998
2017.12.17_14.16.25,-8.482422,51.897052,0,B,1,LTE,-84,-12,17.0,10,-72,22658,310,D,-86,-10,-8.480411,51.895074,259.64999999999998
2017.12.17_14.16.26,-8.482422,51.897052,0,B,1,LTE,-89,-11,19.0,10,-68,15524,229,D,-87,-8,-8.480411,51.895074,259.64999999999998
2017.12.17_14.16.27,-8.482422,51.897052,0,B,1,LTE,-89,-11,19.0,12,-72,17648,254,D,-87,-8,-8.480411,51.895074,259.64999999999998
2017.12.17_14.16.29,-8.482422,51.897052,0,B,1,LTE,-87,-11,16.0,15,-70,19303,262,D,-88,-10,-8.480411,51.895074,259.64999999999998
2017.12.17_14.16.30,-8.482422,51.897052,0,B,1,LTE,-87,-11,16.0,10,-67,16675,243,D,-88,-10,-8.480411,51.895074,259.64999999999998
2017.12.17_14.16.31,-8.482422,51.897052,0,B,1,LTE,-84,-12,18.0,10,-70,22166,308,D,-93,-12,-8.480411,51.895074,259.64999999999998
2017.12.17_14.16.32,-8.482422,51.897052,0,B,1,LTE,-84,-12,18.0,10,-70,15288,211,D,-93,-12,-8.480411,51.895074,259.64999999999998
2017.12.17_14.16.33,-8.482422,51.897052,0,B,1,LTE,-86,-12,16.0,10,-77,20075,299,D,-91,-10,-8.480411,51.895074,259.64999999999998
2017.12.17_14.16.34,-8.482422,51.897052,0,B,1,LTE,-86,-12,16.0,15,-68,30073,359,D,-91,-10,-8.480411,51.895074,259.64999999999998
2017.12.17_14.16.35,-8.482422,51.897052,0,B,1,LTE,-85,-11,18.0,10,-65,17100,240,D,-91,-10,-8.480411,51.895074,259.64999999999998
2017.12.17_14.16.36,-8.482422,51.897052,0,B,1,LTE,-85,-11,18.0,12,-73,26819,376,D,-91,-10,-8.480411,51.895074,259.64999999999998
2017.12.17_14.16.37,-8.482422,51.897052,0,B,1,LTE,-90,-10,20.0,9,-69,16854,269,D,-91,-11,-8.480411,51.895074,259.64999999999998
2017.12.17_14.16.38,-8.482422,51.897052,0,B,1,LTE,-90,-10,20.0,9,-69,33395,413,D,-91,-11,-8.480411,51.895074,259.64999999999998
2017.12.17_14.16.40,-8.482422,51.897052,0,B,1,LTE,-85,-12,19.0,9,-69,19102,240,D,-90,-11,-8.480411,51.895074,259.64999999999998
2017.12.17_14.16.41,-8.482422,51.897052,0,B,1,LTE,-85,-12,19.0,9,-69,22893,343,D,-90,-11,-8.480411,51.895074,259.64999999999998
2017.12.17_14.16.42,-8.482422,51.897052,0,B,1,LTE,-86,-11,20.0,9,-71,16820,240,D,-91,-11,-8.480411,51.895074,259.64999999999998
2017.12.17_14.16.43,-8.482422,51.897052,0,B,1,LTE,-86,-11,20.0,13,-67,18878,247,D,-91,-11,-8.480411,51.895074,259.64999999999998
2017.12.17_14.16.44,-8.482422,51.897052,0,B,1,LTE,-84,-12,21.0,10,-70,13275,204,D,-91,-14,-8.480411,51.895074,259.64999999999998
2017.12.17_14.16.45,-8.482422,51.897052,0,B,1,LTE,-84,-12,21.0,10,-73,18330,226,D,-91,-14,-8.480411,51.895074,259.64999999999998
2017.12.17_14.16.46,-8.482422,51.897052,0,B,1,LTE,-90,-11,20.0,11,-70,17245,246,D,-90,-10,-8.480411,51.895074,259.64999999999998
2017.12.17_14.16.47,-8.482422,51.897052,0,B,1,LTE,-90,-11,20.0,11,-70,17312,237,D,-90,-10,-8.480411,51.895074,259.64999999999998
2017.12.17_14.16.49,-8.482422,51.897052,0,B,1,LTE,-85,-12,21.0,12,-68,21484,301,D,-89,-13,-8.480411,51.895074,259.64999999999998
2017.12.17_14.16.50,-8.482422,51.897052,0,B,1,LTE,-85,-12,21.0,12,-68,22244,287,D,-89,-13,-8.480411,51.895074,259.64999999999998
2017.12.17_14.16.51,-8.482422,51.897052,0,B,1,LTE,-85,-12,22.0,12,-68,27736,330,D,-89,-14,-8.480411,51.895074,259.64999999999998
2017.12.17_14.16.52,-8.482422,51.897052,0,B,1,LTE,-85,-12,22.0,12,-68,31863,378,D,-89,-14,-8.480411,51.895074,259.64999999999998
2017.12.17_14.16.53,-8.482422,51.897052,0,B,1,LTE,-85,-12,21.0,12,-68,36840,461,D,-90,-14,-8.480411,51.895074,259.64999999999998
2017.12.17_14.16.54,-8.482422,51.897052,0,B,1,LTE,-85,-12,21.0,12,-68,31941,360,D,-90,-14,-8.480411,51.895074,259.64999999999998
2017.12.17_14.16.55,-8.482422,51.897052,0,B,1,LTE,-85,-12,23.0,12,-68,15008,228,D,-90,-11,-8.480411,51.895074,259.64999999999998
2017.12.17_14.16.56,-8.482422,51.897052,0,B,1,LTE,-85,-12,23.0,11,-70,17894,248,D,-90,-11,-8.480411,51.895074,259.64999999999998
2017.12.17_14.16.57,-8.482422,51.897052,0,B,1,LTE,-87,-12,22.0,12,-67,20377,274,D,-91,-11,-8.480411,51.895074,259.64999999999998
2017.12.17_14.16.58,-8.482422,51.897052,0,B,1,LTE,-87,-12,22.0,11,-73,17178,251,D,-91,-11,-8.480411,51.895074,259.64999999999998
2017.12.17_14.17.00,-8.482422,51.897052,0,B,1,LTE,-87,-12,18.0,10,-70,20087,265,D,-91,-11,-8.480411,51.895074,259.64999999999998
2017.12.17_14.17.01,-8.482422,51.897052,0,B,1,LTE,-87,-12,18.0,10,-68,16395,236,D,-91,-11,-8.480411,51.895074,259.64999999999998
2017.12.17_14.17.02,-8.482422,51.897052,0,B,1,LTE,-85,-12,19.0,10,-68,14930,217,D,-90,-10,-8.480411,51.895074,259.64999999999998
2017.12.17_14.17.03,-8.482422,51.897052,0,B,1,LTE,-85,-12,19.0,10,-68,18722,242,D,-90,-10,-8.480411,51.895074,259.64999999999998
2017.12.17_14.17.04,-8.482422,51.897052,0,B,1,LTE,-86,-12,21.0,10,-68,15814,223,D,-90,-9,-8.480411,51.895074,259.64999999999998
2017.12.17_14.17.05,-8.482422,51.897052,0,B,1,LTE,-86,-12,21.0,10,-68,11038,175,D,-90,-9,-8.480411,51.895074,259.64999999999998
2017.12.17_14.17.06,-8.482422,51.897052,0,B,1,LTE,-86,-12,21.0,10,-68,12145,195,D,-90,-10,-8.480411,51.895074,259.64999999999998
2017.12.17_14.17.08,-8.482422,51.897052,0,B,1,LTE,-86,-12,21.0,10,-68,25186,366,D,-90,-10,-8.480411,51.895074,259.64999999999998
2017.12.17_14.17.09,-8.482422,51.897052,0,B,1,LTE,-86,-11,19.0,10,-68,44702,654,D,-90,-11,-8.480411,51.895074,259.64999999999998
2017.12.17_14.17.10,-8.482422,51.897052,0,B,1,LTE,-86,-11,19.0,10,-68,51144,623,D,-90,-11,-8.480411,51.895074,259.64999999999998
2017.12.17_14.17.11,-8.482422,51.897052,0,B,1,LTE,-86,-12,19.0,10,-68,58056,731,D,-89,-8,-8.480411,51.895074,259.64999999999998
2017.12.17_14.17.12,-8.482422,51.897052,0,B,1,LTE,-86,-12,19.0,10,-68,53683,740,D,-89,-8,-8.480411,51.895074,259.64999999999998
2017.12.17_14.17.13,-8.482422,51.897052,0,B,1,LTE,-85,-12,20.0,10,-68,48896,731,D,-89,-8,-8.480411,51.895074,259.64999999999998
2017.12.17_14.17.14,-8.482422,51.897052,0,B,1,LTE,-85,-12,20.0,10,-68,60137,783,D,-89,-8,-8.480411,51.895074,259.64999999999998
2017.12.17_14.17.15,-8.482422,51.897052,0,B,1,LTE,-85,-11,20.0,10,-68,50987,776,D,-90,-11,-8.480411,51.895074,259.64999999999998
2017.12.17_14.17.16,-8.482422,51.897052,0,B,1,LTE,-85,-11,20.0,11,-70,53940,660,D,-90,-11,-8.480411,51.895074,259.64999999999998
2017.12.17_14.17.17,-8.482422,51.897052,0,B,1,LTE,-87,-11,19.0,11,-68,54555,667,D,-90,-12,-8.480411,51.895074,259.64999999999998
2017.12.17_14.17.18,-8.482422,51.897052,0,B,1,LTE,-87,-11,19.0,15,-72,56076,535,D,-90,-12,-8.480411,51.895074,259.64999999999998
2017.12.17_14.17.20,-8.482422,51.897052,0,B,1,LTE,-90,-12,20.0,15,-72,59051,632,D,-93,-13,-8.480411,51.895074,259.64999999999998
2017.12.17_14.17.21,-8.482422,51.897052,0,B,1,LTE,-90,-12,20.0,15,-72,43069,599,D,-93,-13,-8.480411,51.895074,259.64999999999998
2017.12.17_14.17.22,-8.482422,51.897052,0,B,1,LTE,-90,-11,16.0,15,-72,41369,576,D,-92,-12,-8.480411,51.895074,259.64999999999998
2017.12.17_14.17.23,-8.482422,51.897052,0,B,1,LTE,-90,-11,16.0,15,-72,47140,621,D,-92,-12,-8.480411,51.895074,259.64999999999998
2017.12.17_14.17.24,-8.482422,51.897052,0,B,1,LTE,-90,-12,14.0,15,-72,54085,737,D,-93,-9,-8.480411,51.895074,259.64999999999998
2017.12.17_14.17.25,-8.482422,51.897052,0,B,1,LTE,-90,-12,14.0,9,-74,45697,656,D,-93,-9,-8.480411,51.895074,259.64999999999998
2017.12.17_14.17.26,-8.482422,51.897052,0,B,1,LTE,-91,-11,13.0,9,-74,47811,647,D,-93,-9,-8.480411,51.895074,259.64999999999998
2017.12.17_14.17.27,-8.482422,51.897052,0,B,1,LTE,-91,-11,13.0,9,-74,57161,732,D,-93,-9,-8.480411,51.895074,259.64999999999998
2017.12.17_14.17.28,-8.482422,51.897052,0,B,1,LTE,-91,-11,15.0,9,-74,65594,750,D,-92,-11,-8.480411,51.895074,259.64999999999998
2017.12.17_14.17.29,-8.482422,51.897052,0,B,1,LTE,-91,-11,15.0,9,-74,67137,715,D,-92,-11,-8.480411,51.895074,259.64999999999998
2017.12.17_14.17.30,-8.482422,51.897052,0,B,1,LTE,-91,-11,17.0,9,-74,72964,808,D,-92,-9,-8.480411,51.895074,259.64999999999998
2017.12.17_14.17.31,-8.482422,51.897052,0,B,1,LTE,-91,-11,17.0,9,-74,74239,883,D,-92,-9,-8.480411,51.895074,259.64999999999998
2017.12.17_14.17.33,-8.482422,51.897052,0,B,1,LTE,-88,-11,20.0,13,-71,48784,570,D,-92,-8,-8.480411,51.895074,259.64999999999998
2017.12.17_14.17.34,-8.482422,51.897052,0,B,1,LTE,-88,-11,20.0,13,-71,69463,804,D,-92,-8,-8.480411,51.895074,259.64999999999998
2017.12.17_14.17.35,-8.482422,51.897052,0,B,1,LTE,-88,-11,21.0,14,-73,82045,943,D,-92,-9,-8.480411,51.895074,259.64999999999998
2017.12.17_14.17.36,-8.482422,51.897052,0,B,1,LTE,-88,-11,21.0,15,-71,63469,710,D,-92,-9,-8.480411,51.895074,259.64999999999998
2017.12.17_14.17.37,-8.482422,51.897052,0,B,1,LTE,-88,-10,22.0,15,-71,77404,948,D,-92,-11,-8.480411,51.895074,259.64999999999998
2017.12.17_14.17.38,-8.482422,51.897052,0,B,1,LTE,-88,-10,22.0,15,-71,77527,845,D,-92,-11,-8.480411,51.895074,259.64999999999998
2017.12.17_14.17.39,-8.482422,51.897052,0,B,1,LTE,-88,-11,21.0,15,-71,88252,690,D,-93,-9,-8.480411,51.895074,259.64999999999998
2017.12.17_14.17.40,-8.482422,51.897052,0,B,1,LTE,-88,-11,21.0,12,-73,77561,978,D,-93,-9,-8.480411,51.895074,259.64999999999998
2017.12.17_14.17.41,-8.482422,51.897052,0,B,1,LTE,-90,-11,21.0,14,-71,82090,816,D,-92,-8,-8.480411,51.895074,259.64999999999998
2017.12.17_14.17.42,-8.482422,51.897052,0,B,1,LTE,-90,-11,21.0,14,-71,82750,988,D,-92,-8,-8.480411,51.895074,259.64999999999998
2017.12.17_14.17.43,-8.482422,51.897052,0,B,1,LTE,-88,-11,20.0,14,-71,82370,1020,D,-92,-8,-8.480411,51.895074,259.64999999999998
2017.12.17_14.17.44,-8.482422,51.897052,0,B,1,LTE,-88,-11,20.0,14,-71,82638,982,D,-92,-8,-8.480411,51.895074,259.64999999999998
2017.12.17_14.17.46,-8.482422,51.897052,0,B,1,LTE,-88,-12,21.0,14,-71,69788,723,D,-92,-9,-8.480411,51.895074,259.64999999999998
2017.12.17_14.17.47,-8.482422,51.897052,0,B,1,LTE,-88,-12,21.0,14,-71,74328,983,D,-92,-9,-8.480411,51.895074,259.64999999999998
2017.12.17_14.17.48,-8.482422,51.897052,0,B,1,LTE,-89,-11,21.0,14,-71,76666,952,D,-92,-12,-8.480411,51.895074,259.64999999999998
2017.12.17_14.17.49,-8.482422,51.897052,0,B,1,LTE,-89,-11,21.0,14,-71,64352,693,D,-92,-12,-8.480411,51.895074,259.64999999999998
2017.12.17_14.17.50,-8.482422,51.897052,0,B,1,LTE,-88,-9,21.0,14,-71,85445,980,D,-93,-10,-8.480411,51.895074,259.64999999999998
2017.12.17_14.17.51,-8.482422,51.897052,0,B,1,LTE,-88,-9,21.0,14,-71,76084,1031,D,-93,-10,-8.480411,51.895074,259.64999999999998
2017.12.17_14.17.52,-8.482422,51.897052,0,B,1,LTE,-88,-12,22.0,14,-71,63267,780,D,-93,-9,-8.480411,51.895074,259.64999999999998
2017.12.17_14.17.53,-8.482422,51.897052,0,B,1,LTE,-88,-12,22.0,14,-71,69799,832,D,-93,-9,-8.480411,51.895074,259.64999999999998
2017.12.17_14.17.54,-8.482422,51.897052,0,B,1,LTE,-89,-12,20.0,14,-71,69486,881,D,-93,-9,-8.480411,51.895074,259.64999999999998
2017.12.17_14.17.55,-8.482422,51.897052,0,B,1,LTE,-89,-12,20.0,14,-71,63513,748,D,-93,-9,-8.480411,51.895074,259.64999999999998
2017.12.17_14.17.56,-8.482422,51.897052,0,B,1,LTE,-89,-11,21.0,14,-71,40295,439,D,-93,-9,-8.480411,51.895074,259.64999999999998
2017.12.17_14.17.57,-8.482422,51.897052,0,B,1,LTE,-89,-11,21.0,14,-71,77896,858,D,-93,-9,-8.480411,51.895074,259.64999999999998
2017.12.17_14.17.59,-8.482422,51.897052,0,B,1,LTE,-88,-12,21.0,14,-71,70671,749,D,-93,-10,-8.480411,51.895074,259.64999999999998
2017.12.17_14.18.00,-8.482422,51.897052,0,B,1,LTE,-88,-12,21.0,14,-71,78847,963,D,-93,-10,-8.480411,51.895074,259.64999999999998
2017.12.17_14.18.01,-8.482422,51.897052,0,B,1,LTE,-88,-12,21.0,14,-71,68188,814,D,-93,-9,-8.480411,51.895074,259.64999999999998
2017.12.17_14.18.02,-8.482422,51.897052,0,B,1,LTE,-88,-12,21.0,14,-71,76062,892,D,-93,-9,-8.480411,51.895074,259.64999999999998
2017.12.17_14.18.03,-8.482422,51.897052,0,B,1,LTE,-87,-12,20.0,14,-71,73568,733,D,-93,-11,-8.480411,51.895074,259.64999999999998
2017.12.17_14.18.04,-8.482422,51.897052,0,B,1,LTE,-87,-12,20.0,14,-71,62408,713,D,-93,-11,-8.480411,51.895074,259.64999999999998
2017.12.17_14.18.05,-8.482422,51.897052,0,B,1,LTE,-87,-12,21.0,15,-69,67642,672,D,-93,-9,-8.480411,51.895074,259.64999999999998
2017.12.17_14.18.06,-8.482422,51.897052,0,B,1,LTE,-87,-12,21.0,15,-69,73715,867,D,-93,-9,-8.480411,51.895074,259.64999999999998
2017.12.17_14.18.07,-8.482422,51.897052,0,B,1,LTE,-86,-12,20.0,14,-72,62206,618,D,-93,-9,-8.480411,51.895074,259.64999999999998
2017.12.17_14.18.08,-8.482422,51.897052,0,B,1,LTE,-86,-12,20.0,14,-72,74362,776,D,-93,-9,-8.480411,51.895074,259.64999999999998
2017.12.17_14.18.09,-8.482422,51.897052,0,B,1,LTE,-88,-12,20.0,14,-72,72427,757,D,-93,-11,-8.480411,51.895074,259.64999999999998
2017.12.17_14.18.11,-8.482422,51.897052,0,B,1,LTE,-88,-12,21.0,15,-70,68356,732,D,-93,-11,-8.480411,51.895074,259.64999999999998
2017.12.17_14.18.12,-8.482422,51.897052,0,B,1,LTE,-87,-12,21.0,15,-70,60594,692,D,-92,-8,-8.480411,51.895074,259.64999999999998
2017.12.17_14.18.13,-8.482422,51.897052,0,B,1,LTE,-87,-12,21.0,15,-70,57194,666,D,-92,-8,-8.480411,51.895074,259.64999999999998
2017.12.17_14.18.14,-8.482422,51.897052,0,B,1,LTE,-86,-12,19.0,15,-70,66220,704,D,-92,-8,-8.480411,51.895074,259.64999999999998
2017.12.17_14.18.15,-8.482422,51.897052,0,B,1,LTE,-86,-12,19.0,15,-70,70497,821,D,-92,-8,-8.480411,51.895074,259.64999999999998
2017.12.17_14.18.16,-8.482422,51.897052,0,B,1,LTE,-87,-12,21.0,15,-70,68155,741,D,-93,-8,-8.480411,51.895074,259.64999999999998
2017.12.17_14.18.17,-8.482422,51.897052,0,B,1,LTE,-87,-12,21.0,13,-67,67104,750,D,-93,-8,-8.480411,51.895074,259.64999999999998
2017.12.17_14.18.18,-8.482422,51.897052,0,B,1,LTE,-84,-12,21.0,13,-67,77404,788,D,-92,-9,-8.480411,51.895074,259.64999999999998
2017.12.17_14.18.19,-8.482422,51.897052,0,B,1,LTE,-84,-12,21.0,12,-71,57977,677,D,-92,-9,-8.480411,51.895074,259.64999999999998
2017.12.17_14.18.20,-8.482422,51.897052,0,B,1,LTE,-88,-12,20.0,12,-71,55797,471,D,-92,-10,-8.480411,51.895074,259.64999999999998
2017.12.17_14.18.21,-8.482422,51.897052,0,B,1,LTE,-88,-12,20.0,12,-71,50775,547,D,-92,-10,-8.480411,51.895074,259.64999999999998
2017.12.17_14.18.22,-8.482422,51.897052,0,B,1,LTE,-87,-12,20.0,12,-71,68233,854,D,-93,-9,-8.480411,51.895074,259.64999999999998
2017.12.17_14.18.24,-8.482422,51.897052,0,B,1,LTE,-87,-12,20.0,12,-71,63402,659,D,-93,-9,-8.480411,51.895074,259.64999999999998
2017.12.17_14.18.25,-8.482422,51.897052,0,B,1,LTE,-87,-11,19.0,15,-69,71465,705,D,-93,-8,-8.480411,51.895074,259.64999999999998
2017.12.17_14.18.26,-8.482422,51.897052,0,B,1,LTE,-87,-11,19.0,15,-69,75201,859,D,-93,-8,-8.480411,51.895074,259.64999999999998
2017.12.17_14.18.27,-8.482422,51.897052,0,B,1,LTE,-87,-12,20.0,15,-67,82180,970,D,-92,-10,-8.480411,51.895074,259.64999999999998
2017.12.17_14.18.28,-8.482422,51.897052,0,B,1,LTE,-87,-12,20.0,12,-69,61142,678,D,-92,-10,-8.480411,51.895074,259.64999999999998
2017.12.17_14.18.29,-8.482422,51.897052,0,B,1,LTE,-86,-12,22.0,12,-69,63950,784,D,-92,-9,-8.480411,51.895074,259.64999999999998
2017.12.17_14.18.30,-8.482422,51.897052,0,B,1,LTE,-86,-12,22.0,12,-69,65404,819,D,-92,-9,-8.480411,51.895074,259.64999999999998
2017.12.17_14.18.31,-8.482422,51.897052,0,B,1,LTE,-85,-12,21.0,12,-69,72315,752,D,-92,-12,-8.480411,51.895074,259.64999999999998
2017.12.17_14.18.32,-8.482422,51.897052,0,B,1,LTE,-85,-12,21.0,12,-69,71532,857,D,-92,-12,-8.480411,51.895074,259.64999999999998
2017.12.17_14.18.33,-8.482422,51.897052,0,B,1,LTE,-85,-12,22.0,12,-69,60885,704,D,-93,-11,-8.480411,51.895074,259.64999999999998
2017.12.17_14.18.34,-8.482422,51.897052,0,B,1,LTE,-85,-12,22.0,12,-69,53616,520,D,-93,-11,-8.480411,51.895074,259.64999999999998
2017.12.17_14.18.36,-8.482422,51.897052,0,B,1,LTE,-86,-10,21.0,12,-69,56725,662,D,-93,-10,-8.480411,51.895074,259.64999999999998
2017.12.17_14.18.37,-8.482422,51.897052,0,B,1,LTE,-86,-10,21.0,12,-69,65012,677,D,-93,-10,-8.480411,51.895074,259.64999999999998
2017.12.17_14.18.38,-8.482422,51.897052,0,B,1,LTE,-87,-12,21.0,12,-69,74138,936,D,-92,-9,-8.480411,51.895074,259.64999999999998
2017.12.17_14.18.39,-8.482422,51.897052,0,B,1,LTE,-87,-12,21.0,12,-69,65079,677,D,-92,-9,-8.480411,51.895074,259.64999999999998
2017.12.17_14.18.40,-8.482422,51.897052,0,B,1,LTE,-86,-12,21.0,12,-69,72997,804,D,-92,-11,-8.480411,51.895074,259.64999999999998
2017.12.17_14.18.41,-8.482422,51.897052,0,B,1,LTE,-86,-12,21.0,12,-69,70000,816,D,-92,-11,-8.480411,51.895074,259.64999999999998
2017.12.17_14.18.42,-8.482422,51.897052,0,B,1,LTE,-85,-12,21.0,12,-69,60740,732,D,-92,-12,-8.480411,51.895074,259.64999999999998
2017.12.17_14.18.43,-8.482422,51.897052,0,B,1,LTE,-85,-12,21.0,10,-67,38618,511,D,-92,-12,-8.480411,51.895074,259.64999999999998
2017.12.17_14.18.44,-8.482422,51.897052,0,B,1,LTE,-84,-12,20.0,10,-67,40262,468,D,-91,-9,-8.480411,51.895074,259.64999999999998
2017.12.17_14.18.45,-8.482422,51.897052,0,B,1,LTE,-84,-12,20.0,10,-67,53593,533,D,-91,-9,-8.480411,51.895074,259.64999999999998
2017.12.17_14.18.46,-8.482422,51.897052,0,B,1,LTE,-85,-12,21.0,10,-67,68132,838,D,-92,-10,-8.480411,51.895074,259.64999999999998
2017.12.17_14.18.47,-8.482422,51.897052,0,B,1,LTE,-85,-12,21.0,10,-67,66768,736,D,-92,-10,-8.480411,51.895074,259.64999999999998
2017.12.17_14.18.49,-8.482422,51.897052,0,B,1,LTE,-85,-12,21.0,10,-69,64039,814,D,-92,-16,-8.480411,51.895074,259.64999999999998
2017.12.17_14.18.50,-8.482422,51.897052,0,B,1,LTE,-85,-12,21.0,10,-69,55215,673,D,-92,-16,-8.480411,51.895074,259.64999999999998
2017.12.17_14.18.51,-8.482422,51.897052,0,B,1,LTE,-85,-11,21.0,10,-69,70594,745,D,-92,-11,-8.480411,51.895074,259.64999999999998
2017.12.17_14.18.52,-8.482422,51.897052,0,B,1,LTE,-85,-11,21.0,11,-72,71432,759,D,-92,-11,-8.480411,51.895074,259.64999999999998
2017.12.17_14.18.53,-8.482422,51.897052,0,B,1,LTE,-89,-11,22.0,11,-72,61120,716,D,-93,-14,-8.480411,51.895074,259.64999999999998
2017.12.17_14.18.54,-8.482422,51.897052,0,B,1,LTE,-89,-11,22.0,11,-72,68960,737,D,-93,-14,-8.480411,51.895074,259.64999999999998
2017.12.17_14.18.55,-8.482422,51.897052,0,B,1,LTE,-90,-11,20.0,11,-72,75458,795,D,-92,-12,-8.480411,51.895074,259.64999999999998
2017.12.17_14.18.56,-8.482422,51.897052,0,B,1,LTE,-90,-11,20.0,11,-72,71700,868,D,-92,-12,-8.480411,51.895074,259.64999999999998
2017.12.17_14.18.57,-8.482422,51.897052,0,B,1,LTE,-89,-11,21.0,11,-72,69989,768,D,-92,-9,-8.480411,51.895074,259.64999999999998
2017.12.17_14.18.58,-8.482422,51.897052,0,B,1,LTE,-89,-11,21.0,12,-75,54466,745,D,-92,-9,-8.480411,51.895074,259.64999999999998
2017.12.17_14.18.59,-8.482422,51.897052,0,B,1,LTE,-92,-11,20.0,11,-72,59029,800,D,-92,-8,-8.480411,51.895074,259.64999999999998
2017.12.17_14.19.00,-8.482422,51.897052,0,B,1,LTE,-92,-11,20.0,11,-72,55964,680,D,-92,-8,-8.480411,51.895074,259.64999999999998
2017.12.17_14.19.02,-8.482422,51.897052,0,B,1,LTE,-93,-11,16.0,12,-71,50618,536,D,-92,-8,-8.480411,51.895074,259.64999999999998
2017.12.17_14.19.03,-8.482422,51.897052,0,B,1,LTE,-93,-11,16.0,12,-71,70056,759,D,-92,-8,-8.480411,51.895074,259.64999999999998
2017.12.17_14.19.04,-8.482422,51.897052,0,B,1,LTE,-89,-12,18.0,12,-74,52935,649,D,-92,-9,-8.480411,51.895074,259.64999999999998
2017.12.17_14.19.05,-8.482422,51.897052,0,B,1,LTE,-89,-12,18.0,12,-70,37813,515,D,-92,-9,-8.480411,51.895074,259.64999999999998
2017.12.17_14.19.06,-8.482422,51.897052,0,B,1,LTE,-87,-12,15.0,12,-70,19516,227,D,-92,-10,-8.480411,51.895074,259.64999999999998
2017.12.17_14.19.07,-8.482422,51.897052,0,B,1,LTE,-87,-12,15.0,12,-73,34749,433,D,-92,-10,-8.480411,51.895074,259.64999999999998
2017.12.17_14.19.08,-8.482422,51.897052,0,B,1,LTE,-90,-12,15.0,12,-73,59565,746,D,-91,-9,-8.480411,51.895074,259.64999999999998
2017.12.17_14.19.09,-8.482422,51.897052,0,B,1,LTE,-90,-12,15.0,12,-70,63614,706,D,-91,-9,-8.480411,51.895074,259.64999999999998
2017.12.17_14.19.10,-8.482422,51.897052,0,B,1,LTE,-87,-11,17.0,12,-70,54667,644,D,-91,-9,-8.480411,51.895074,259.64999999999998
2017.12.17_14.19.11,-8.482422,51.897052,0,B,1,LTE,-87,-11,17.0,11,-74,54690,667,D,-91,-9,-8.480411,51.895074,259.64999999999998
2017.12.17_14.19.12,-8.482422,51.897052,0,B,1,LTE,-89,-12,17.0,9,-72,42857,558,D,-91,-8,-8.480411,51.895074,259.64999999999998
2017.12.17_14.19.14,-8.482422,51.897052,0,B,1,LTE,-89,-12,17.0,12,-75,67461,720,D,-91,-8,-8.480411,51.895074,259.64999999999998
2017.12.17_14.19.15,-8.482422,51.897052,0,B,1,LTE,-92,-11,16.0,12,-75,82079,829,D,-91,-8,-8.480411,51.895074,259.64999999999998
2017.12.17_14.19.16,-8.482422,51.897052,0,B,1,LTE,-92,-11,16.0,12,-75,73710,941,D,-91,-8,-8.480411,51.895074,259.64999999999998
2017.12.17_14.19.17,-8.482422,51.897052,0,B,1,LTE,-91,-11,17.0,15,-73,78578,931,D,-93,-9,-8.480411,51.895074,259.64999999999998
2017.12.17_14.19.18,-8.482422,51.897052,0,B,1,LTE,-91,-11,17.0,15,-73,73467,812,D,-93,-9,-8.480411,51.895074,259.64999999999998
2017.12.17_14.19.19,-8.482422,51.897052,0,B,1,LTE,-90,-12,18.0,15,-73,78579,959,D,-93,-10,-8.480411,51.895074,259.64999999999998
2017.12.17_14.19.20,-8.482422,51.897052,0,B,1,LTE,-90,-12,18.0,13,-71,70380,755,D,-93,-10,-8.480411,51.895074,259.64999999999998
2017.12.17_14.19.21,-8.482422,51.897052,0,B,1,LTE,-88,-11,16.0,13,-71,68502,879,D,-92,-9,-8.480411,51.895074,259.64999999999998
2017.12.17_14.19.22,-8.482422,51.897052,0,B,1,LTE,-88,-11,16.0,13,-71,74999,895,D,-92,-9,-8.480411,51.895074,259.64999999999998
2017.12.17_14.19.23,-8.482422,51.897052,0,B,1,LTE,-88,-11,17.0,13,-75,52743,654,D,-92,-9,-8.480411,51.895074,259.64999999999998
2017.12.17_14.19.24,-8.482422,51.897052,0,B,1,LTE,-88,-11,17.0,10,-81,54734,626,D,-92,-9,-8.480411,51.895074,259.64999999999998
2017.12.17_14.19.25,-8.482422,51.897052,0,B,1,LTE,-89,-12,13.0,15,-72,67379,795,D,-92,-9,-8.480411,51.895074,259.64999999999998
2017.12.17_14.19.27,-8.482422,51.897052,0,B,1,LTE,-89,-12,13.0,13,-71,74407,762,D,-92,-9,-8.480411,51.895074,259.64999999999998
2017.12.17_14.19.28,-8.482422,51.897052,0,B,1,LTE,-88,-11,17.0,13,-71,78668,968,D,-91,-11,-8.480411,51.895074,259.64999999999998
2017.12.17_14.19.29,-8.482422,51.897052,0,B,1,LTE,-88,-11,17.0,13,-71,76834,835,D,-91,-11,-8.480411,51.895074,259.64999999999998
2017.12.17_14.19.30,-8.482422,51.897052,0,B,1,LTE,-88,-12,20.0,15,-69,50741,606,D,-91,-8,-8.480411,51.895074,259.64999999999998
2017.12.17_14.19.31,-8.482422,51.897052,0,B,1,LTE,-88,-12,20.0,15,-69,42924,525,D,-91,-8,-8.480411,51.895074,259.64999999999998
2017.12.17_14.19.32,-8.482422,51.897052,0,B,1,LTE,-87,-12,17.0,12,-71,32187,425,D,-92,-10,-8.480411,51.895074,259.64999999999998
2017.12.17_14.19.33,-8.482422,51.897052,0,B,1,LTE,-87,-12,17.0,12,-69,59510,600,D,-92,-10,-8.480411,51.895074,259.64999999999998
2017.12.17_14.19.34,-8.482422,51.897052,0,B,1,LTE,-86,-11,18.0,12,-69,79518,775,D,-92,-9,-8.480411,51.895074,259.64999999999998
2017.12.17_14.19.35,-8.482422,51.897052,0,B,1,LTE,-86,-11,18.0,13,-73,84026,896,D,-92,-9,-8.480411,51.895074,259.64999999999998
2017.12.17_14.19.36,-8.482422,51.897052,0,B,1,LTE,-90,-12,19.0,13,-73,80446,915,D,-93,-9,-8.480411,51.895074,259.64999999999998
2017.12.17_14.19.37,-8.482422,51.897052,0,B,1,LTE,-90,-12,19.0,12,-70,83656,862,D,-93,-9,-8.480411,51.895074,259.64999999999998
2017.12.17_14.19.39,-8.482422,51.897052,0,B,1,LTE,-91,-11,20.0,14,-74,81318,879,D,-93,-10,-8.480411,51.895074,259.64999999999998
2017.12.17_14.19.40,-8.482422,51.897052,0,B,1,LTE,-91,-11,20.0,14,-74,79999,1016,D,-93,-10,-8.480411,51.895074,259.64999999999998
2017.12.17_14.19.41,-8.482422,51.897052,0,B,1,LTE,-90,-12,19.0,14,-74,78511,961,D,-93,-8,-8.480411,51.895074,259.64999999999998
2017.12.17_14.19.42,-8.482422,51.897052,0,B,1,LTE,-90,-12,19.0,14,-70,82649,980,D,-93,-8,-8.480411,51.895074,259.64999999999998
2017.12.17_14.19.43,-8.482422,51.897052,0,B,1,LTE,-87,-12,19.0,14,-70,57441,725,D,-92,-8,-8.480411,51.895074,259.64999999999998
2017.12.17_14.19.44,-8.482422,51.897052,0,B,1,LTE,-87,-12,19.0,14,-70,68960,846,D,-92,-8,-8.480411,51.895074,259.64999999999998
2017.12.17_14.19.45,-8.482422,51.897052,0,B,1,LTE,-87,-12,18.0,14,-70,65784,736,D,-92,-8,-8.480411,51.895074,259.64999999999998
2017.12.17_14.19.46,-8.482422,51.897052,0,B,1,LTE,-87,-12,18.0,14,-70,46971,632,D,-92,-8,-8.480411,51.895074,259.64999999999998
2017.12.17_14.19.47,-8.482422,51.897052,0,B,1,LTE,-86,-9,18.0,14,-72,76197,889,D,-93,-8,-8.480411,51.895074,259.64999999999998
2017.12.17_14.19.48,-8.482422,51.897052,0,B,1,LTE,-86,-9,18.0,15,-69,79909,860,D,-93,-8,-8.480411,51.895074,259.64999999999998
2017.12.17_14.19.49,-8.482422,51.897052,0,B,1,LTE,-86,-12,20.0,15,-69,77081,855,D,-92,-8,-8.480411,51.895074,259.64999999999998
2017.12.17_14.19.51,-8.482422,51.897052,0,B,1,LTE,-86,-12,21.0,14,-72,77147,886,D,-92,-8,-8.480411,51.895074,259.64999999999998
2017.12.17_14.19.52,-8.482422,51.897052,0,B,1,LTE,-89,-11,21.0,12,-68,73411,908,D,-92,-8,-8.480411,51.895074,259.64999999999998
2017.12.17_14.19.53,-8.482422,51.897052,0,B,1,LTE,-89,-11,21.0,12,-68,74541,905,D,-92,-8,-8.480411,51.895074,259.64999999999998
2017.12.17_14.19.54,-8.482422,51.897052,0,B,1,LTE,-86,-12,20.0,14,-70,44557,570,D,-93,-8,-8.480411,51.895074,259.64999999999998
2017.12.17_14.19.55,-8.482422,51.897052,0,B,1,LTE,-86,-12,20.0,14,-70,72382,776,D,-93,-8,-8.480411,51.895074,259.64999999999998
2017.12.17_14.19.56,-8.482422,51.897052,0,B,1,LTE,-86,-12,19.0,14,-68,60695,652,D,-92,-9,-8.480411,51.895074,259.64999999999998
2017.12.17_14.19.57,-8.482422,51.897052,0,B,1,LTE,-86,-12,19.0,14,-68,77001,798,D,-92,-9,-8.480411,51.895074,259.64999999999998
2017.12.17_14.19.58,-8.482422,51.897052,0,B,1,LTE,-86,-11,20.0,14,-68,81016,1017,D,-92,-11,-8.480411,51.895074,259.64999999999998
2017.12.17_14.19.59,-8.482422,51.897052,0,B,1,LTE,-86,-11,20.0,14,-68,77404,899,D,-92,-11,-8.480411,51.895074,259.64999999999998
2017.12.17_14.20.00,-8.482422,51.897052,0,B,1,LTE,-86,-12,20.0,14,-68,76386,873,D,-92,-8,-8.480411,51.895074,259.64999999999998
2017.12.17_14.20.01,-8.482422,51.897052,0,B,1,LTE,-86,-12,20.0,13,-70,78467,807,D,-92,-8,-8.480411,51.895074,259.64999999999998
2017.12.17_14.20.02,-8.482422,51.897052,0,B,1,LTE,-85,-12,20.0,13,-68,80692,951,D,-92,-8,-8.480411,51.895074,259.64999999999998
2017.12.17_14.20.04,-8.482422,51.897052,0,B,1,LTE,-85,-12,20.0,13,-68,77359,953,D,-92,-8,-8.480411,51.895074,259.64999999999998
2017.12.17_14.20.05,-8.482422,51.897052,0,B,1,LTE,-85,-12,20.0,13,-68,81464,907,D,-92,-9,-8.480411,51.895074,259.64999999999998
2017.12.17_14.20.06,-8.482422,51.897052,0,B,1,LTE,-85,-12,20.0,13,-68,82906,1012,D,-92,-9,-8.480411,51.895074,259.64999999999998
2017.12.17_14.20.07,-8.482422,51.897052,0,B,1,LTE,-85,-12,20.0,13,-68,54981,692,D,-92,-8,-8.480411,51.895074,259.64999999999998
2017.12.17_14.20.08,-8.482422,51.897052,0,B,1,LTE,-85,-12,20.0,13,-68,75581,752,D,-92,-8,-8.480411,51.895074,259.64999999999998
2017.12.17_14.20.09,-8.482422,51.897052,0,B,1,LTE,-85,-12,20.0,13,-68,70738,743,D,-92,-8,-8.480411,51.895074,259.64999999999998
2017.12.17_14.20.10,-8.482422,51.897052,0,B,1,LTE,-85,-12,20.0,13,-68,70582,915,D,-92,-8,-8.480411,51.895074,259.64999999999998
2017.12.17_14.20.11,-8.482422,51.897052,0,B,1,LTE,-85,-12,19.0,13,-68,65247,767,D,-92,-8,-8.480411,51.895074,259.64999999999998
2017.12.17_14.20.12,-8.482422,51.897052,0,B,1,LTE,-85,-12,19.0,13,-68,55673,744,D,-92,-8,-8.480411,51.895074,259.64999999999998
2017.12.17_14.20.13,-8.482422,51.897052,0,B,1,LTE,-85,-12,18.0,14,-71,77561,940,D,-93,-8,-8.480411,51.895074,259.64999999999998
2017.12.17_14.20.14,-8.482422,51.897052,0,B,1,LTE,-85,-12,18.0,14,-71,81251,908,D,-93,-8,-8.480411,51.895074,259.64999999999998
2017.12.17_14.20.15,-8.482422,51.897052,0,B,1,LTE,-87,-12,19.0,14,-71,55696,682,D,-93,-9,-8.480411,51.895074,259.64999999999998
2017.12.17_14.20.17,-8.482422,51.897052,0,B,1,LTE,-87,-12,19.0,14,-71,51055,644,D,-93,-9,-8.480411,51.895074,259.64999999999998
2017.12.17_14.20.18,-8.482422,51.897052,0,B,1,LTE,-89,-11,19.0,14,-71,74239,801,D,-93,-9,-8.480411,51.895074,259.64999999999998
2017.12.17_14.20.19,-8.482422,51.897052,0,B,1,LTE,-89,-11,19.0,14,-71,70101,855,D,-93,-9,-8.480411,51.895074,259.64999999999998
2017.12.17_14.20.20,-8.482422,51.897052,0,B,1,LTE,-88,-12,19.0,14,-71,61601,794,D,-93,-10,-8.480411,51.895074,259.64999999999998
2017.12.17_14.20.21,-8.482422,51.897052,0,B,1,LTE,-88,-12,19.0,14,-71,80893,878,D,-93,-10,-8.480411,51.895074,259.64999999999998
2017.12.17_14.20.22,-8.482422,51.897052,0,B,1,LTE,-89,-12,18.0,13,-73,65717,858,D,-93,-9,-8.480411,51.895074,259.64999999999998
2017.12.17_14.20.23,-8.482422,51.897052,0,B,1,LTE,-89,-12,18.0,13,-73,59174,712,D,-93,-9,-8.480411,51.895074,259.64999999999998
2017.12.17_14.20.24,-8.482422,51.897052,0,B,1,LTE,-90,-12,17.0,13,-71,76878,792,D,-93,-8,-8.480411,51.895074,259.64999999999998
2017.12.17_14.20.25,-8.482422,51.897052,0,B,1,LTE,-90,-12,17.0,11,-73,78869,906,D,-93,-8,-8.480411,51.895074,259.64999999999998
2017.12.17_14.20.26,-8.482422,51.897052,0,B,1,LTE,-90,-12,19.0,12,-71,79216,895,D,-93,-8,-8.480411,51.895074,259.64999999999998
2017.12.17_14.20.27,-8.482422,51.897052,0,B,1,LTE,-90,-12,19.0,12,-71,83253,1049,D,-93,-8,-8.480411,51.895074,259.64999999999998
2017.12.17_14.20.29,-8.482422,51.897052,0,B,1,LTE,-87,-12,20.0,12,-71,83331,955,D,-93,-8,-8.480411,51.895074,259.64999999999998
2017.12.17_14.20.30,-8.482422,51.897052,0,B,1,LTE,-87,-12,20.0,12,-71,85412,1004,D,-93,-8,-8.480411,51.895074,259.64999999999998
2017.12.17_14.20.31,-8.482422,51.897052,0,B,1,LTE,-87,-12,20.0,15,-69,82526,953,D,-93,-8,-8.480411,51.895074,259.64999999999998
2017.12.17_14.20.32,-8.482422,51.897052,0,B,1,LTE,-87,-12,20.0,15,-69,82336,964,D,-93,-8,-8.480411,51.895074,259.64999999999998
2017.12.17_14.20.33,-8.482422,51.897052,0,B,1,LTE,-86,-12,20.0,15,-69,81163,890,D,-94,-9,-8.480411,51.895074,259.64999999999998
2017.12.17_14.20.34,-8.482422,51.897052,0,B,1,LTE,-86,-12,20.0,15,-69,81061,960,D,-94,-9,-8.480411,51.895074,259.64999999999998
2017.12.17_14.20.35,-8.482422,51.897052,0,B,1,LTE,-87,-12,20.0,15,-69,81844,966,D,-93,-9,-8.480411,51.895074,259.64999999999998
2017.12.17_14.20.36,-8.482422,51.897052,0,B,1,LTE,-87,-12,20.0,15,-69,82504,829,D,-93,-9,-8.480411,51.895074,259.64999999999998
2017.12.17_14.20.37,-8.482422,51.897052,0,B,1,LTE,-86,-12,20.0,15,-69,83544,906,D,-93,-8,-8.480411,51.895074,259.64999999999998
2017.12.17_14.20.38,-8.482422,51.897052,0,B,1,LTE,-86,-12,20.0,15,-69,82112,1011,D,-93,-8,-8.480411,51.895074,259.64999999999998
2017.12.17_14.20.39,-8.482422,51.897052,0,B,1,LTE,-87,-12,21.0,15,-69,63245,757,D,-93,-9,-8.480411,51.895074,259.64999999999998
2017.12.17_14.20.40,-8.482422,51.897052,0,B,1,LTE,-87,-12,21.0,15,-69,39837,524,D,-93,-9,-8.480411,51.895074,259.64999999999998
2017.12.17_14.20.42,-8.482422,51.897052,0,B,1,LTE,-86,-12,21.0,15,-69,35084,415,D,-93,-9,-8.480411,51.895074,259.64999999999998
2017.12.17_14.20.43,-8.482422,51.897052,0,B,1,LTE,-86,-12,21.0,15,-69,76755,850,D,-93,-9,-8.480411,51.895074,259.64999999999998
2017.12.17_14.20.44,-8.482422,51.897052,0,B,1,LTE,-86,-12,21.0,15,-69,80345,849,D,-93,-9,-8.480411,51.895074,259.64999999999998
2017.12.17_14.20.45,-8.482422,51.897052,0,B,1,LTE,-86,-12,21.0,15,-69,60729,712,D,-93,-9,-8.480411,51.895074,259.64999999999998
2017.12.17_14.20.46,-8.482422,51.897052,0,B,1,LTE,-86,-12,19.0,15,-69,69564,867,D,-93,-9,-8.480411,51.895074,259.64999999999998
2017.12.17_14.20.47,-8.482422,51.897052,0,B,1,LTE,-86,-12,19.0,15,-69,71623,933,D,-93,-9,-8.480411,51.895074,259.64999999999998
2017.12.17_14.20.48,-8.482422,51.897052,0,B,1,LTE,-87,-12,19.0,15,-69,79070,948,D,-93,-9,-8.480411,51.895074,259.64999999999998
2017.12.17_14.20.49,-8.482422,51.897052,0,B,1,LTE,-87,-12,19.0,15,-69,78142,837,D,-93,-9,-8.480411,51.895074,259.64999999999998
2017.12.17_14.20.50,-8.482422,51.897052,0,B,1,LTE,-87,-12,21.0,15,-69,76442,926,D,-92,-8,-8.480411,51.895074,259.64999999999998
2017.12.17_14.20.51,-8.482422,51.897052,0,B,1,LTE,-87,-12,21.0,15,-69,68188,815,D,-92,-8,-8.480411,51.895074,259.64999999999998
2017.12.17_14.20.52,-8.482422,51.897052,0,B,1,LTE,-86,-12,22.0,15,-69,61310,728,D,-93,-8,-8.480411,51.895074,259.64999999999998
2017.12.17_14.20.53,-8.482422,51.897052,0,B,1,LTE,-86,-12,22.0,15,-69,66947,654,D,-93,-8,-8.480411,51.895074,259.64999999999998
2017.12.17_14.20.55,-8.482422,51.897052,0,B,1,LTE,-86,-12,21.0,15,-69,78243,758,D,-93,-8,-8.480411,51.895074,259.64999999999998
2017.12.17_14.20.56,-8.482422,51.897052,0,B,1,LTE,-86,-12,21.0,15,-69,74071,874,D,-93,-8,-8.480411,51.895074,259.64999999999998
2017.12.17_14.20.57,-8.482422,51.897052,0,B,1,LTE,-86,-12,22.0,15,-69,70817,717,D,-93,-8,-8.480411,51.895074,259.64999999999998
2017.12.17_14.20.58,-8.482422,51.897052,0,B,1,LTE,-86,-12,22.0,15,-69,79686,890,D,-93,-8,-8.480411,51.895074,259.64999999999998
2017.12.17_14.20.59,-8.482422,51.897052,0,B,1,LTE,-87,-12,20.0,15,-69,75861,873,D,-93,-10,-8.480411,51.895074,259.64999999999998
2017.12.17_14.21.00,-8.482422,51.897052,0,B,1,LTE,-87,-12,20.0,13,-71,71834,871,D,-93,-10,-8.480411,51.895074,259.64999999999998
2017.12.17_14.21.01,-8.482422,51.897052,0,B,1,LTE,-88,-12,20.0,13,-71,78836,939,D,-93,-9,-8.480411,51.895074,259.64999999999998
2017.12.17_14.21.02,-8.482422,51.897052,0,B,1,LTE,-88,-12,20.0,13,-71,70134,768,D,-93,-9,-8.480411,51.895074,259.64999999999998
2017.12.17_14.21.03,-8.482422,51.897052,0,B,1,LTE,-88,-12,20.0,13,-71,78668,855,D,-93,-9,-8.480411,51.895074,259.64999999999998
2017.12.17_14.21.04,-8.482422,51.897052,0,B,1,LTE,-88,-12,20.0,13,-71,82962,908,D,-93,-9,-8.480411,51.895074,259.64999999999998
2017.12.17_14.21.05,-8.482422,51.897052,0,B,1,LTE,-88,-12,20.0,13,-71,79618,917,D,-93,-9,-8.480411,51.895074,259.64999999999998
2017.12.17_14.21.07,-8.482422,51.897052,0,B,1,LTE,-88,-12,20.0,14,-69,80569,990,D,-93,-9,-8.480411,51.895074,259.64999999999998
2017.12.17_14.21.08,-8.482422,51.897052,0,B,1,LTE,-87,-12,22.0,15,-71,61087,631,D,-93,-9,-8.480411,51.895074,259.64999999999998
2017.12.17_14.21.09,-8.482422,51.897052,0,B,1,LTE,-87,-12,22.0,15,-71,87883,958,D,-93,-9,-8.480411,51.895074,259.64999999999998
2017.12.17_14.21.10,-8.482422,51.897052,0,B,1,LTE,-87,-12,21.0,12,-68,75570,906,D,-93,-9,-8.480411,51.895074,259.64999999999998
2017.12.17_14.21.11,-8.482422,51.897052,0,B,1,LTE,-87,-12,21.0,12,-68,82505,911,D,-93,-9,-8.480411,51.895074,259.64999999999998
2017.12.17_14.21.12,-8.482422,51.897052,0,B,1,LTE,-85,-12,22.0,12,-68,83656,928,D,-92,-8,-8.480411,51.895074,259.64999999999998
2017.12.17_14.21.13,-8.482422,51.897052,0,B,1,LTE,-85,-12,22.0,15,-72,78254,877,D,-92,-8,-8.480411,51.895074,259.64999999999998
2017.12.17_14.21.14,-8.482422,51.897052,0,B,1,LTE,-89,-12,20.0,14,-70,77728,955,D,-93,-8,-8.480411,51.895074,259.64999999999998
2017.12.17_14.21.15,-8.482422,51.897052,0,B,1,LTE,-89,-12,20.0,14,-70,62361,786,D,-93,-8,-8.480411,51.895074,259.64999999999998
2017.12.17_14.21.16,-8.482422,51.897052,0,B,1,LTE,-87,-12,21.0,14,-70,81128,884,D,-93,-8,-8.480411,51.895074,259.64999999999998
2017.12.17_14.21.17,-8.482422,51.897052,0,B,1,LTE,-87,-12,21.0,14,-70,91060,915,D,-93,-8,-8.480411,51.895074,259.64999999999998
2017.12.17_14.21.19,-8.482422,51.897052,0,B,1,LTE,-89,-12,21.0,12,-70,72182,858,D,-93,-9,-8.480411,51.895074,259.64999999999998
2017.12.17_14.21.20,-8.482422,51.897052,0,B,1,LTE,-89,-12,21.0,12,-70,81275,809,D,-93,-9,-8.480411,51.895074,259.64999999999998
2017.12.17_14.21.21,-8.482422,51.897052,0,B,1,LTE,-87,-12,20.0,12,-70,82997,988,D,-94,-9,-8.480411,51.895074,259.64999999999998
2017.12.17_14.21.22,-8.482422,51.897052,0,B,1,LTE,-87,-12,20.0,12,-70,79059,948,D,-94,-9,-8.480411,51.895074,259.64999999999998
2017.12.17_14.21.23,-8.482422,51.897052,0,B,1,LTE,-87,-12,21.0,12,-70,77482,844,D,-94,-9,-8.480411,51.895074,259.64999999999998
2017.12.17_14.21.24,-8.482422,51.897052,0,B,1,LTE,-87,-12,21.0,12,-70,34593,452,D,-94,-9,-8.480411,51.895074,259.64999999999998
2017.12.17_14.21.25,-8.482422,51.897052,0,B,1,LTE,-86,-12,22.0,12,-70,39703,516,D,-93,-9,-8.480411,51.895074,259.64999999999998
2017.12.17_14.21.26,-8.482422,51.897052,0,B,1,LTE,-86,-12,22.0,12,-70,76409,869,D,-93,-9,-8.480411,51.895074,259.64999999999998
2017.12.17_14.21.27,-8.482422,51.897052,0,B,1,LTE,-87,-12,23.0,12,-70,69598,932,D,-93,-8,-8.480411,51.895074,259.64999999999998
2017.12.17_14.21.28,-8.482422,51.897052,0,B,1,LTE,-87,-12,23.0,12,-70,59029,811,D,-93,-8,-8.480411,51.895074,259.64999999999998
2017.12.17_14.21.29,-8.482422,51.897052,0,B,1,LTE,-87,-12,18.0,12,-70,64443,790,D,-93,-8,-8.480411,51.895074,259.64999999999998
2017.12.17_14.21.30,-8.482422,51.897052,0,B,1,LTE,-87,-12,18.0,12,-70,51726,634,D,-93,-8,-8.480411,51.895074,259.64999999999998
2017.12.17_14.21.32,-8.482422,51.897052,0,B,1,LTE,-87,-12,16.0,12,-70,40363,519,D,-93,-8,-8.480411,51.895074,259.64999999999998
2017.12.17_14.21.33,-8.482422,51.897052,0,B,1,LTE,-87,-12,16.0,12,-70,58402,755,D,-93,-8,-8.480411,51.895074,259.64999999999998
2017.12.17_14.21.34,-8.482422,51.897052,0,B,1,LTE,-87,-12,17.0,12,-70,74284,859,D,-93,-9,-8.480411,51.895074,259.64999999999998
2017.12.17_14.21.35,-8.482422,51.897052,0,B,1,LTE,-87,-12,17.0,12,-70,81486,977,D,-93,-9,-8.480411,51.895074,259.64999999999998
2017.12.17_14.21.36,-8.482422,51.897052,0,B,1,LTE,-86,-11,20.0,12,-70,56445,567,D,-94,-9,-8.480411,51.895074,259.64999999999998
2017.12.17_14.21.37,-8.482422,51.897052,0,B,1,LTE,-86,-11,20.0,12,-70,72427,888,D,-94,-9,-8.480411,51.895074,259.64999999999998
2017.12.17_14.21.38,-8.482422,51.897052,0,B,1,LTE,-86,-12,21.0,12,-70,79976,923,D,-93,-9,-8.480411,51.895074,259.64999999999998
2017.12.17_14.21.39,-8.482422,51.897052,0,B,1,LTE,-86,-12,21.0,12,-70,78232,997,D,-93,-9,-8.480411,51.895074,259.64999999999998
2017.12.17_14.21.40,-8.482422,51.897052,0,B,1,LTE,-86,-12,22.0,13,-68,76901,928,D,-92,-8,-8.480411,51.895074,259.64999999999998
2017.12.17_14.21.41,-8.482422,51.897052,0,B,1,LTE,-86,-12,22.0,13,-68,73591,840,D,-92,-8,-8.480411,51.895074,259.64999999999998
2017.12.17_14.21.42,-8.482422,51.897052,0,B,1,LTE,-86,-12,22.0,12,-70,79417,891,D,-93,-8,-8.480411,51.895074,259.64999999999998
2017.12.17_14.21.43,-8.482422,51.897052,0,B,1,LTE,-86,-12,22.0,12,-70,76207,927,D,-93,-8,-8.480411,51.895074,259.64999999999998
2017.12.17_14.21.45,-8.482422,51.897052,0,B,1,LTE,-85,-12,22.0,12,-68,69363,854,D,-93,-8,-8.480411,51.895074,259.64999999999998
2017.12.17_14.21.46,-8.482422,51.897052,0,B,1,LTE,-85,-12,22.0,12,-68,33328,402,D,-93,-8,-8.480411,51.895074,259.64999999999998
2017.12.17_14.21.47,-8.482422,51.897052,0,B,1,LTE,-86,-9,23.0,12,-68,57977,676,D,-93,-8,-8.480411,51.895074,259.64999999999998
2017.12.17_14.21.48,-8.482422,51.897052,0,B,1,LTE,-86,-9,23.0,12,-68,30107,354,D,-93,-8,-8.480411,51.895074,259.64999999999998
2017.12.17_14.21.49,-8.482422,51.897052,0,B,1,LTE,-85,-12,22.0,12,-68,47186,609,D,-93,-9,-8.480411,51.895074,259.64999999999998
2017.12.17_14.21.50,-8.482422,51.897052,0,B,1,LTE,-85,-12,22.0,12,-68,60662,695,D,-93,-9,-8.480411,51.895074,259.64999999999998
2017.12.17_14.21.51,-8.482422,51.897052,0,B,1,LTE,-85,-12,22.0,12,-70,74876,748,D,-93,-10,-8.480411,51.895074,259.64999999999998
2017.12.17_14.21.52,-8.482422,51.897052,0,B,1,LTE,-85,-12,22.0,12,-70,78109,892,D,-93,-10,-8.480411,51.895074,259.64999999999998
2017.12.17_14.21.53,-8.482422,51.897052,0,B,1,LTE,-87,-12,22.0,12,-70,70269,744,D,-93,-10,-8.480411,51.895074,259.64999999999998
2017.12.17_14.21.54,-8.482422,51.897052,0,B,1,LTE,-87,-12,22.0,12,-70,69721,683,D,-93,-10,-8.480411,51.895074,259.64999999999998
2017.12.17_14.21.55,-8.482422,51.897052,0,B,1,LTE,-87,-12,21.0,12,-70,77057,803,D,-94,-9,-8.480411,51.895074,259.64999999999998
2017.12.17_14.21.56,-8.482422,51.897052,0,B,1,LTE,-87,-12,23.0,12,-68,62686,816,D,-94,-9,-8.480411,51.895074,259.64999999999998
2017.12.17_14.21.58,-8.482422,51.897052,0,B,1,LTE,-85,-12,23.0,12,-68,48449,556,D,-93,-8,-8.480411,51.895074,259.64999999999998
2017.12.17_14.21.59,-8.482422,51.897052,0,B,1,LTE,-85,-12,23.0,12,-68,50954,536,D,-93,-8,-8.480411,51.895074,259.64999999999998
2017.12.17_14.22.00,-8.482422,51.897052,0,B,1,LTE,-85,-10,21.0,12,-68,72315,720,D,-93,-8,-8.480411,51.895074,259.64999999999998
2017.12.17_14.22.01,-8.482422,51.897052,0,B,1,LTE,-85,-10,21.0,12,-68,69318,896,D,-93,-8,-8.480411,51.895074,259.64999999999998
2017.12.17_14.22.02,-8.482422,51.897052,0,B,1,LTE,-86,-12,21.0,12,-68,75055,787,D,-93,-9,-8.480411,51.895074,259.64999999999998
2017.12.17_14.22.03,-8.482422,51.897052,0,B,1,LTE,-86,-12,21.0,12,-68,78645,982,D,-93,-9,-8.480411,51.895074,259.64999999999998
2017.12.17_14.22.04,-8.482422,51.897052,0,B,1,LTE,-86,-12,23.0,12,-68,80905,830,D,-92,-8,-8.480411,51.895074,259.64999999999998
2017.12.17_14.22.05,-8.482422,51.897052,0,B,1,LTE,-86,-12,23.0,12,-68,80055,1035,D,-92,-8,-8.480411,51.895074,259.64999999999998
2017.12.17_14.22.06,-8.482422,51.897052,0,B,1,LTE,-85,-12,23.0,12,-68,80960,835,D,-93,-9,-8.480411,51.895074,259.64999999999998
2017.12.17_14.22.07,-8.482422,51.897052,0,B,1,LTE,-85,-12,23.0,12,-68,82157,797,D,-93,-9,-8.480411,51.895074,259.64999999999998
2017.12.17_14.22.08,-8.482422,51.897052,0,B,1,LTE,-85,-12,23.0,12,-68,80278,956,D,-93,-8,-8.480411,51.895074,259.64999999999998
2017.12.17_14.22.10,-8.482422,51.897052,0,B,1,LTE,-85,-12,23.0,12,-68,46044,586,D,-93,-8,-8.480411,51.895074,259.64999999999998
2017.12.17_14.22.11,-8.482422,51.897052,0,B,1,LTE,-85,-12,23.0,12,-68,53951,579,D,-93,-8,-8.480411,51.895074,259.64999999999998
2017.12.17_14.22.12,-8.482422,51.897052,0,B,1,LTE,-85,-12,23.0,12,-68,78489,784,D,-93,-8,-8.480411,51.895074,259.64999999999998
2017.12.17_14.22.13,-8.482422,51.897052,0,B,1,LTE,-84,-12,23.0,12,-68,63782,767,D,-92,-8,-8.480411,51.895074,259.64999999999998
2017.12.17_14.22.14,-8.482422,51.897052,0,B,1,LTE,-84,-12,23.0,12,-68,71924,825,D,-92,-8,-8.480411,51.895074,259.64999999999998
2017.12.17_14.22.15,-8.482422,51.897052,0,B,1,LTE,-84,-12,23.0,12,-68,72942,701,D,-93,-8,-8.480411,51.895074,259.64999999999998
2017.12.17_14.22.16,-8.482422,51.897052,0,B,1,LTE,-84,-12,23.0,12,-68,75693,866,D,-93,-8,-8.480411,51.895074,259.64999999999998
2017.12.17_14.22.17,-8.482422,51.897052,0,B,1,LTE,-85,-12,23.0,12,-68,81632,882,D,-92,-8,-8.480411,51.895074,259.64999999999998
2017.12.17_14.22.18,-8.482422,51.897052,0,B,1,LTE,-85,-12,23.0,12,-68,75436,931,D,-92,-8,-8.480411,51.895074,259.64999999999998
2017.12.17_14.22.19,-8.482422,51.897052,0,B,1,LTE,-84,-12,23.0,12,-68,79439,732,D,-90,-8,-8.480411,51.895074,259.64999999999998
2017.12.17_14.22.20,-8.482422,51.897052,0,B,1,LTE,-84,-12,23.0,12,-68,79059,834,D,-90,-8,-8.480411,51.895074,259.64999999999998
2017.12.17_14.22.21,-8.482422,51.897052,0,B,1,LTE,-84,-12,22.0,12,-68,55685,676,D,-91,-8,-8.480411,51.895074,259.64999999999998
2017.12.17_14.22.23,-8.482422,51.897052,0,B,1,LTE,-84,-12,22.0,12,-68,84707,903,D,-91,-8,-8.480411,51.895074,259.64999999999998
2017.12.17_14.22.24,-8.482422,51.897052,0,B,1,LTE,-84,-11,22.0,12,-68,62977,714,D,-90,-8,-8.480411,51.895074,259.64999999999998
2017.12.17_14.22.25,-8.482422,51.897052,0,B,1,LTE,-84,-11,22.0,12,-68,54991,772,D,-90,-8,-8.480411,51.895074,259.64999999999998
2017.12.17_14.22.26,-8.482422,51.897052,0,B,1,LTE,-85,-10,22.0,12,-68,80838,946,D,-92,-8,-8.480411,51.895074,259.64999999999998
2017.12.17_14.22.27,-8.482422,51.897052,0,B,1,LTE,-85,-10,22.0,12,-68,68859,824,D,-92,-8,-8.480411,51.895074,259.64999999999998
2017.12.17_14.22.28,-8.482422,51.897052,0,B,1,LTE,-84,-12,22.0,12,-68,85703,797,D,-90,-8,-8.480411,51.895074,259.64999999999998
2017.12.17_14.22.29,-8.482422,51.897052,0,B,1,LTE,-84,-12,22.0,12,-68,92413,991,D,-90,-8,-8.480411,51.895074,259.64999999999998
2017.12.17_14.22.30,-8.482422,51.897052,0,B,1,LTE,-85,-12,21.0,12,-68,90433,954,D,-90,-10,-8.480411,51.895074,259.64999999999998
2017.12.17_14.22.31,-8.482422,51.897052,0,B,1,LTE,-85,-12,21.0,12,-68,92637,693,D,-90,-10,-8.480411,51.895074,259.64999999999998
2017.12.17_14.22.32,-8.482422,51.897052,0,B,1,LTE,-85,-12,20.0,12,-68,96809,919,D,-91,-8,-8.480411,51.895074,259.64999999999998
2017.12.17_14.22.33,-8.482422,51.897052,0,B,1,LTE,-85,-12,20.0,12,-68,83835,928,D,-91,-8,-8.480411,51.895074,259.64999999999998
2017.12.17_14.22.34,-8.482422,51.897052,0,B,1,LTE,-85,-12,23.0,12,-68,67115,473,D,-90,-8,-8.480411,51.895074,259.64999999999998
2017.12.17_14.22.36,-8.482422,51.897052,0,B,1,LTE,-85,-12,23.0,12,-68,92883,861,D,-90,-8,-8.480411,51.895074,259.64999999999998
2017.12.17_14.22.37,-8.482422,51.897052,0,B,1,LTE,-86,-11,23.0,12,-68,70000,815,D,-90,-8,-8.480411,51.895074,259.64999999999998
2017.12.17_14.22.38,-8.482422,51.897052,0,B,1,LTE,-86,-11,23.0,12,-68,97804,820,D,-90,-8,-8.480411,51.895074,259.64999999999998
2017.12.17_14.22.39,-8.482422,51.897052,0,B,1,LTE,-86,-11,22.0,12,-68,79786,749,D,-90,-8,-8.480411,51.895074,259.64999999999998
2017.12.17_14.22.40,-8.482422,51.897052,0,B,1,LTE,-86,-11,22.0,10,-70,62374,577,D,-90,-8,-8.480411,51.895074,259.64999999999998
2017.12.17_14.22.41,-8.482422,51.897052,0,B,1,LTE,-87,-11,21.0,13,-66,34446,415,D,-90,-9,-8.480411,51.895074,259.64999999999998
2017.12.17_14.22.42,-8.482422,51.897052,0,B,1,LTE,-87,-11,21.0,13,-66,77080,713,D,-90,-9,-8.480411,51.895074,259.64999999999998
2017.12.17_14.22.43,-8.482422,51.897052,0,B,1,LTE,-82,-11,21.0,13,-66,71700,861,D,-89,-8,-8.480411,51.895074,259.64999999999998
2017.12.17_14.22.44,-8.482422,51.897052,0,B,1,LTE,-82,-11,21.0,13,-66,42320,510,D,-89,-8,-8.480411,51.895074,259.64999999999998
2017.12.17_14.22.45,-8.482422,51.897052,0,B,1,LTE,-82,-12,23.0,13,-66,50954,600,D,-89,-9,-8.480411,51.895074,259.64999999999998
2017.12.17_14.22.47,-8.482422,51.897052,0,B,1,LTE,-82,-12,23.0,13,-66,38103,394,D,-89,-9,-8.480411,51.895074,259.64999999999998
2017.12.17_14.22.48,-8.482422,51.897052,0,B,1,LTE,-82,-12,23.0,13,-66,26953,322,D,-90,-8,-8.480411,51.895074,259.64999999999998
2017.12.17_14.22.49,-8.482422,51.897052,0,B,1,LTE,-82,-12,23.0,13,-66,57250,692,D,-90,-8,-8.480411,51.895074,259.64999999999998
2017.12.17_14.22.50,-8.482422,51.897052,0,B,1,LTE,-84,-12,23.0,12,-69,65639,776,D,-89,-8,-8.480411,51.895074,259.64999999999998
2017.12.17_14.22.51,-8.482422,51.897052,0,B,1,LTE,-84,-12,23.0,12,-69,83108,898,D,-89,-8,-8.480411,51.895074,259.64999999999998
2017.12.17_14.22.52,-8.482422,51.897052,0,B,1,LTE,-85,-11,22.0,12,-69,81598,841,D,-91,-8,-8.480411,51.895074,259.64999999999998
2017.12.17_14.22.53,-8.482422,51.897052,0,B,1,LTE,-85,-11,22.0,12,-69,51614,727,D,-91,-8,-8.480411,51.895074,259.64999999999998
2017.12.17_14.22.54,-8.482422,51.897052,0,B,1,LTE,-85,-12,19.0,12,-69,60997,722,D,-91,-9,-8.480411,51.895074,259.64999999999998
2017.12.17_14.22.55,-8.482422,51.897052,0,B,1,LTE,-85,-12,19.0,12,-69,60562,696,D,-91,-9,-8.480411,51.895074,259.64999999999998
2017.12.17_14.22.56,-8.482422,51.897052,0,B,1,LTE,-85,-12,22.0,11,-66,48068,608,D,-91,-10,-8.480411,51.895074,259.64999999999998
2017.12.17_14.22.57,-8.482422,51.897052,0,B,1,LTE,-85,-12,22.0,11,-66,61903,733,D,-91,-10,-8.480411,51.895074,259.64999999999998
2017.12.17_14.22.58,-8.482422,51.897052,0,B,1,LTE,-86,-12,22.0,13,-69,62328,804,D,-91,-8,-8.480411,51.895074,259.64999999999998
2017.12.17_14.23.00,-8.482422,51.897052,0,B,1,LTE,-86,-12,22.0,12,-67,72606,840,D,-91,-8,-8.480411,51.895074,259.64999999999998
2017.12.17_14.23.01,-8.482422,51.897052,0,B,1,LTE,-84,-12,22.0,12,-67,49231,607,D,-90,-8,-8.480411,51.895074,259.64999999999998
2017.12.17_14.23.02,-8.482422,51.897052,0,B,1,LTE,-84,-12,22.0,13,-71,39434,422,D,-90,-8,-8.480411,51.895074,259.64999999999998
2017.12.17_14.23.03,-8.482422,51.897052,0,B,1,LTE,-88,-12,21.0,13,-69,73993,750,D,-91,-10,-8.480411,51.895074,259.64999999999998
2017.12.17_14.23.04,-8.482422,51.897052,0,B,1,LTE,-88,-12,21.0,13,-69,72517,897,D,-91,-10,-8.480411,51.895074,259.64999999999998
2017.12.17_14.23.05,-8.482422,51.897052,0,B,1,LTE,-86,-12,21.0,13,-69,83846,1026,D,-91,-9,-8.480411,51.895074,259.64999999999998
2017.12.17_14.23.06,-8.482422,51.897052,0,B,1,LTE,-86,-12,21.0,13,-69,64397,626,D,-91,-9,-8.480411,51.895074,259.64999999999998
2017.12.17_14.23.07,-8.482422,51.897052,0,B,1,LTE,-85,-12,22.0,13,-69,77171,885,D,-91,-9,-8.480411,51.895074,259.64999999999998
2017.12.17_14.23.08,-8.482422,51.897052,0,B,1,LTE,-85,-12,22.0,13,-69,84820,1003,D,-91,-9,-8.480411,51.895074,259.64999999999998
2017.12.17_14.23.09,-8.482422,51.897052,0,B,1,LTE,-85,-12,21.0,14,-66,66948,810,D,-90,-8,-8.480411,51.895074,259.64999999999998
2017.12.17_14.23.10,-8.482422,51.897052,0,B,1,LTE,-85,-12,21.0,14,-66,80872,774,D,-90,-8,-8.480411,51.895074,259.64999999999998
2017.12.17_14.23.12,-8.482422,51.897052,0,B,1,LTE,-83,-12,23.0,14,-66,58448,669,D,-90,-8,-8.480411,51.895074,259.64999999999998
2017.12.17_14.23.13,-8.482422,51.897052,0,B,1,LTE,-83,-12,23.0,14,-66,58313,527,D,-90,-8,-8.480411,51.895074,259.64999999999998
2017.12.17_14.23.14,-8.482422,51.897052,0,B,1,LTE,-84,-11,23.0,14,-66,52587,671,D,-90,-8,-8.480411,51.895074,259.64999999999998
2017.12.17_14.23.15,-8.482422,51.897052,0,B,1,LTE,-84,-11,23.0,10,-70,53024,633,D,-90,-8,-8.480411,51.895074,259.64999999999998
2017.12.17_14.23.16,-8.482422,51.897052,0,B,1,LTE,-87,-12,19.0,12,-67,48909,681,D,-91,-9,-8.480411,51.895074,259.64999999999998
2017.12.17_14.23.17,-8.482422,51.897052,0,B,1,LTE,-87,-12,19.0,12,-70,64755,639,D,-91,-9,-8.480411,51.895074,259.64999999999998
2017.12.17_14.23.18,-8.482422,51.897052,0,B,1,LTE,-87,-11,18.0,13,-67,71163,881,D,-91,-9,-8.480411,51.895074,259.64999999999998
2017.12.17_14.23.19,-8.482422,51.897052,0,B,1,LTE,-87,-11,18.0,13,-67,83600,929,D,-91,-9,-8.480411,51.895074,259.64999999999998
2017.12.17_14.23.20,-8.482422,51.897052,0,B,1,LTE,-84,-12,23.0,15,-72,71388,827,D,-90,-8,-8.480411,51.895074,259.64999999999998
2017.12.17_14.23.21,-8.482422,51.897052,0,B,1,LTE,-84,-12,23.0,14,-67,75704,871,D,-90,-8,-8.480411,51.895074,259.64999999999998
2017.12.17_14.23.22,-8.482422,51.897052,0,B,1,LTE,-84,-12,22.0,12,-69,79100,841,D,-90,-8,-8.480411,51.895074,259.64999999999998
2017.12.17_14.23.23,-8.482422,51.897052,0,B,1,LTE,-84,-12,22.0,12,-69,87716,956,D,-90,-8,-8.480411,51.895074,259.64999999999998
2017.12.17_14.23.25,-8.482422,51.897052,0,B,1,LTE,-87,-12,21.0,12,-69,74753,690,D,-90,-10,-8.480411,51.895074,259.64999999999998
2017.12.17_14.23.26,-8.482422,51.897052,0,B,1,LTE,-87,-12,21.0,12,-69,86767,850,D,-90,-10,-8.480411,51.895074,259.64999999999998
2017.12.17_14.23.27,-8.482422,51.897052,0,B,1,LTE,-87,-12,22.0,12,-69,77605,805,D,-90,-9,-8.480411,51.895074,259.64999999999998
2017.12.17_14.23.28,-8.482422,51.897052,0,B,1,LTE,-87,-12,22.0,12,-69,81699,839,D,-90,-9,-8.480411,51.895074,259.64999999999998
2017.12.17_14.23.29,-8.482422,51.897052,0,B,1,LTE,-85,-12,22.0,12,-69,86318,945,D,-90,-9,-8.480411,51.895074,259.64999999999998
2017.12.17_14.23.30,-8.482422,51.897052,0,B,1,LTE,-85,-12,22.0,12,-69,82660,933,D,-90,-9,-8.480411,51.895074,259.64999999999998
2017.12.17_14.23.31,-8.482422,51.897052,0,B,1,LTE,-85,-12,22.0,12,-69,83130,947,D,-90,-9,-8.480411,51.895074,259.64999999999998
2017.12.17_14.23.32,-8.482422,51.897052,0,B,1,LTE,-85,-12,22.0,12,-69,83835,975,D,-90,-9,-8.480411,51.895074,259.64999999999998
2017.12.17_14.23.33,-8.482422,51.897052,0,B,1,LTE,-87,-12,22.0,15,-67,79350,953,D,-91,-9,-8.480411,51.895074,259.64999999999998
2017.12.17_14.23.34,-8.482422,51.897052,0,B,1,LTE,-87,-12,22.0,15,-67,74966,864,D,-91,-9,-8.480411,51.895074,259.64999999999998
2017.12.17_14.23.35,-8.482422,51.897052,0,B,1,LTE,-85,-12,21.0,15,-67,61535,581,D,-91,-8,-8.480411,51.895074,259.64999999999998
2017.12.17_14.23.36,-8.482422,51.897052,0,B,1,LTE,-85,-12,21.0,15,-67,61299,735,D,-91,-8,-8.480411,51.895074,259.64999999999998
2017.12.17_14.23.38,-8.482422,51.897052,0,B,1,LTE,-86,-12,21.0,14,-69,55237,602,D,-91,-8,-8.480411,51.895074,259.64999999999998
2017.12.17_14.23.39,-8.482422,51.897052,0,B,1,LTE,-86,-12,21.0,13,-67,47532,620,D,-91,-8,-8.480411,51.895074,259.64999999999998
2017.12.17_14.23.40,-8.482422,51.897052,0,B,1,LTE,-84,-12,22.0,13,-67,47330,604,D,-90,-8,-8.480411,51.895074,259.64999999999998
2017.12.17_14.23.41,-8.482422,51.897052,0,B,1,LTE,-84,-12,22.0,13,-67,56870,632,D,-90,-8,-8.480411,51.895074,259.64999999999998
2017.12.17_14.23.42,-8.482422,51.897052,0,B,1,LTE,-85,-12,22.0,14,-69,77851,939,D,-91,-8,-8.480411,51.895074,259.64999999999998
2017.12.17_14.23.43,-8.482422,51.897052,0,B,1,LTE,-85,-12,22.0,12,-67,78366,822,D,-91,-8,-8.480411,51.895074,259.64999999999998
2017.12.17_14.23.44,-8.482422,51.897052,0,B,1,LTE,-84,-12,22.0,12,-67,84506,864,D,-91,-8,-8.480411,51.895074,259.64999999999998
2017.12.17_14.23.45,-8.482422,51.897052,0,B,1,LTE,-84,-12,22.0,12,-67,69888,515,D,-91,-8,-8.480411,51.895074,259.64999999999998
2017.12.17_14.23.46,-8.482422,51.897052,0,B,1,LTE,-83,-12,22.0,10,-71,37746,495,D,-92,-8,-8.480411,51.895074,259.64999999999998
2017.12.17_14.23.47,-8.482422,51.897052,0,B,1,LTE,-83,-12,22.0,9,-69,30588,409,D,-92,-8,-8.480411,51.895074,259.64999999999998
2017.12.17_14.23.48,-8.482422,51.897052,0,B,1,LTE,-86,-12,21.0,9,-69,52229,632,D,-93,-9,-8.480411,51.895074,259.64999999999998
2017.12.17_14.23.49,-8.482422,51.897052,0,B,1,LTE,-86,-12,21.0,13,-71,53448,742,D,-93,-9,-8.480411,51.895074,259.64999999999998
2017.12.17_14.23.51,-8.482422,51.897052,0,B,1,LTE,-88,-10,20.0,10,-69,32411,437,D,-93,-9,-8.480411,51.895074,259.64999999999998
2017.12.17_14.23.52,-8.482422,51.897052,0,B,1,LTE,-88,-10,20.0,10,-69,28720,410,D,-93,-9,-8.480411,51.895074,259.64999999999998
2017.12.17_14.23.53,-8.482422,51.897052,0,B,1,LTE,-85,-12,21.0,11,-66,28273,370,D,-92,-8,-8.480411,51.895074,259.64999999999998
2017.12.17_14.23.54,-8.482422,51.897052,0,B,1,LTE,-85,-12,21.0,10,-68,60740,755,D,-92,-8,-8.480411,51.895074,259.64999999999998
2017.12.17_14.23.55,-8.482422,51.897052,0,B,1,LTE,-85,-11,20.0,10,-68,80368,945,D,-91,-8,-8.480411,51.895074,259.64999999999998
2017.12.17_14.23.56,-8.482422,51.897052,0,B,1,LTE,-85,-11,20.0,13,-66,85592,734,D,-91,-8,-8.480411,51.895074,259.64999999999998
2017.12.17_14.23.57,-8.482422,51.897052,0,B,1,LTE,-83,-12,23.0,14,-70,80647,820,D,-92,-8,-8.480411,51.895074,259.64999999999998
2017.12.17_14.23.58,-8.482422,51.897052,0,B,1,LTE,-83,-12,23.0,15,-67,79026,867,D,-92,-8,-8.480411,51.895074,259.64999999999998
2017.12.17_14.23.59,-8.482422,51.897052,0,B,1,LTE,-84,-11,23.0,15,-67,76151,937,D,-92,-8,-8.480411,51.895074,259.64999999999998
2017.12.17_14.24.00,-8.482422,51.897052,0,B,1,LTE,-84,-11,23.0,15,-67,65392,817,D,-92,-8,-8.480411,51.895074,259.64999999999998
2017.12.17_14.24.01,-8.482422,51.897052,0,B,1,LTE,-84,-12,21.0,15,-67,35251,456,D,-92,-8,-8.480411,51.895074,259.64999999999998
2017.12.17_14.24.03,-8.482422,51.897052,0,B,1,LTE,-84,-12,21.0,15,-67,25879,318,D,-92,-8,-8.480411,51.895074,259.64999999999998
2017.12.17_14.24.04,-8.482422,51.897052,0,B,1,LTE,-83,-12,22.0,15,-67,36303,390,D,-92,-8,-8.480411,51.895074,259.64999999999998
2017.12.17_14.24.05,-8.482422,51.897052,0,B,1,LTE,-83,-12,22.0,15,-67,35196,442,D,-92,-8,-8.480411,51.895074,259.64999999999998
2017.12.17_14.24.06,-8.482422,51.897052,0,B,1,LTE,-83,-12,23.0,15,-67,50920,592,D,-91,-8,-8.480411,51.895074,259.64999999999998
2017.12.17_14.24.07,-8.482422,51.897052,0,B,1,LTE,-83,-12,23.0,15,-67,29872,366,D,-91,-8,-8.480411,51.895074,259.64999999999998
2017.12.17_14.24.08,-8.482422,51.897052,0,B,1,LTE,-83,-12,24.0,15,-67,32948,445,D,-91,-8,-8.480411,51.895074,259.64999999999998
2017.12.17_14.24.09,-8.482422,51.897052,0,B,1,LTE,-83,-12,24.0,15,-67,22043,321,D,-91,-8,-8.480411,51.895074,259.64999999999998
2017.12.17_14.24.10,-8.482422,51.897052,0,B,1,LTE,-84,-12,23.0,15,-67,24884,297,D,-91,-8,-8.480411,51.895074,259.64999999999998
2017.12.17_14.24.11,-8.482422,51.897052,0,B,1,LTE,-84,-12,23.0,15,-67,44612,282,D,-91,-8,-8.480411,51.895074,259.64999999999998
2017.12.17_14.24.12,-8.482422,51.897052,0,B,1,LTE,-83,-12,23.0,15,-67,36840,308,D,-91,-8,-8.480411,51.895074,259.64999999999998
2017.12.17_14.24.14,-8.482422,51.897052,0,B,1,LTE,-83,-12,23.0,15,-67,45205,431,D,-91,-8,-8.480411,51.895074,259.64999999999998
2017.12.17_14.24.15,-8.482422,51.897052,0,B,1,LTE,-84,-12,23.0,15,-67,34312,366,D,-92,-9,-8.480411,51.895074,259.64999999999998
2017.12.17_14.24.16,-8.482422,51.897052,0,B,1,LTE,-84,-12,23.0,15,-67,42935,505,D,-92,-9,-8.480411,51.895074,259.64999999999998
2017.12.17_14.24.17,-8.482422,51.897052,0,B,1,LTE,-84,-12,22.0,15,-67,33697,456,D,-91,-9,-8.480411,51.895074,259.64999999999998
2017.12.17_14.24.18,-8.482422,51.897052,0,B,1,LTE,-84,-12,22.0,15,-67,26349,383,D,-91,-9,-8.480411,51.895074,259.64999999999998
2017.12.17_14.24.19,-8.482422,51.897052,0,B,1,LTE,-83,-12,22.0,15,-67,36403,486,D,-91,-10,-8.480411,51.895074,259.64999999999998
2017.12.17_14.24.20,-8.482422,51.897052,0,B,1,LTE,-83,-12,22.0,13,-69,44389,502,D,-91,-10,-8.480411,51.895074,259.64999999999998
2017.12.17_14.24.21,-8.482422,51.897052,0,B,1,LTE,-86,-12,23.0,13,-67,33037,425,D,-91,-8,-8.480411,51.895074,259.64999999999998
2017.12.17_14.24.22,-8.482422,51.897052,0,B,1,LTE,-86,-12,23.0,15,-65,48785,634,D,-91,-8,-8.480411,51.895074,259.64999999999998
2017.12.17_14.24.23,-8.482422,51.897052,0,B,1,LTE,-82,-12,23.0,15,-67,48180,470,D,-91,-8,-8.480411,51.895074,259.64999999999998
2017.12.17_14.24.24,-8.482422,51.897052,0,B,1,LTE,-82,-12,23.0,15,-67,45462,659,D,-91,-8,-8.480411,51.895074,259.64999999999998
2017.12.17_14.24.26,-8.482422,51.897052,0,B,1,LTE,-82,-12,19.0,11,-65,39088,469,D,-90,-9,-8.480411,51.895074,259.64999999999998
2017.12.17_14.24.27,-8.482422,51.897052,0,B,1,LTE,-82,-12,19.0,9,-69,51647,577,D,-90,-9,-8.480411,51.895074,259.64999999999998
2017.12.17_14.24.28,-8.482422,51.897052,0,B,1,LTE,-86,-12,21.0,10,-66,44580,639,D,-92,-9,-8.480411,51.895074,259.64999999999998
2017.12.17_14.24.29,-8.482422,51.897052,0,B,1,LTE,-86,-12,21.0,15,-69,56322,709,D,-92,-9,-8.480411,51.895074,259.64999999999998
2017.12.17_14.24.30,-8.482422,51.897052,0,B,1,LTE,-86,-11,22.0,12,-66,49299,646,D,-91,-9,-8.480411,51.895074,259.64999999999998
2017.12.17_14.24.31,-8.482422,51.897052,0,B,1,LTE,-86,-11,22.0,14,-72,47230,584,D,-91,-9,-8.480411,51.895074,259.64999999999998
2017.12.17_14.24.32,-8.482422,51.897052,0,B,1,LTE,-89,-11,22.0,11,-66,60371,709,D,-90,-9,-8.480411,51.895074,259.64999999999998
2017.12.17_14.24.33,-8.482422,51.897052,0,B,1,LTE,-89,-11,22.0,11,-66,43908,635,D,-90,-9,-8.480411,51.895074,259.64999999999998
2017.12.17_14.24.34,-8.482422,51.897052,0,B,1,LTE,-83,-11,21.0,13,-70,49466,688,D,-91,-9,-8.480411,51.895074,259.64999999999998
2017.12.17_14.24.35,-8.482422,51.897052,0,B,1,LTE,-83,-11,21.0,10,-65,40888,627,D,-91,-9,-8.480411,51.895074,259.64999999999998
2017.12.17_14.24.36,-8.482422,51.897052,0,B,1,LTE,-82,-11,18.0,10,-65,63245,764,D,-91,-9,-8.480411,51.895074,259.64999999999998
2017.12.17_14.24.38,-8.482422,51.897052,0,B,1,LTE,-82,-11,18.0,11,-66,61691,736,D,-91,-9,-8.480411,51.895074,259.64999999999998
2017.12.17_14.24.39,-8.482422,51.897052,0,B,1,LTE,-83,-11,23.0,11,-66,48784,572,D,-91,-9,-8.480411,51.895074,259.64999999999998
2017.12.17_14.24.40,-8.482422,51.897052,0,B,1,LTE,-83,-11,23.0,13,-71,54097,738,D,-91,-9,-8.480411,51.895074,259.64999999999998
2017.12.17_14.24.41,-8.482422,51.897052,0,B,1,LTE,-88,-11,21.0,10,-66,31024,438,D,-91,-9,-8.480411,51.895074,259.64999999999998
2017.12.17_14.24.42,-8.482422,51.897052,0,B,1,LTE,-88,-11,21.0,10,-66,53314,720,D,-91,-9,-8.480411,51.895074,259.64999999999998
2017.12.17_14.24.43,-8.482422,51.897052,0,B,1,LTE,-83,-11,23.0,10,-66,47263,631,D,-91,-9,-8.480411,51.895074,259.64999999999998
2017.12.17_14.24.44,-8.482422,51.897052,0,B,1,LTE,-83,-11,23.0,10,-66,64699,848,D,-91,-9,-8.480411,51.895074,259.64999999999998
2017.12.17_14.24.45,-8.482422,51.897052,0,B,1,LTE,-84,-11,24.0,10,-66,34424,497,D,-91,-10,-8.480411,51.895074,259.64999999999998
2017.12.17_14.24.46,-8.482422,51.897052,0,B,1,LTE,-84,-11,24.0,10,-66,40363,599,D,-91,-10,-8.480411,51.895074,259.64999999999998
2017.12.17_14.24.47,-8.482422,51.897052,0,B,1,LTE,-82,-11,20.0,10,-66,42387,572,D,-91,-9,-8.480411,51.895074,259.64999999999998
2017.12.17_14.24.48,-8.482422,51.897052,0,B,1,LTE,-82,-11,20.0,10,-66,40698,577,D,-91,-9,-8.480411,51.895074,259.64999999999998
2017.12.17_14.24.50,-8.482422,51.897052,0,B,1,LTE,-83,-11,19.0,10,-66,38573,553,D,-91,-11,-8.480411,51.895074,259.64999999999998
2017.12.17_14.24.51,-8.482422,51.897052,0,B,1,LTE,-83,-11,19.0,10,-66,53962,671,D,-91,-11,-8.480411,51.895074,259.64999999999998
2017.12.17_14.24.52,-8.482422,51.897052,0,B,1,LTE,-83,-12,22.0,10,-66,63793,646,D,-92,-9,-8.480411,51.895074,259.64999999999998
2017.12.17_14.24.53,-8.482422,51.897052,0,B,1,LTE,-83,-12,22.0,10,-66,54757,692,D,-92,-9,-8.480411,51.895074,259.64999999999998
2017.12.17_14.24.54,-8.482422,51.897052,0,B,1,LTE,-83,-12,24.0,10,-66,37801,457,D,-92,-10,-8.480411,51.895074,259.64999999999998
2017.12.17_14.24.55,-8.482422,51.897052,0,B,1,LTE,-83,-12,24.0,10,-66,40351,540,D,-92,-10,-8.480411,51.895074,259.64999999999998
2017.12.17_14.24.56,-8.482422,51.897052,0,B,1,LTE,-83,-12,23.0,12,-68,27602,422,D,-92,-9,-8.480411,51.895074,259.64999999999998
2017.12.17_14.24.57,-8.482422,51.897052,0,B,1,LTE,-83,-12,23.0,12,-66,29883,361,D,-92,-9,-8.480411,51.895074,259.64999999999998
2017.12.17_14.24.58,-8.482422,51.897052,0,B,1,LTE,-83,-12,21.0,12,-66,28653,344,D,-91,-9,-8.480411,51.895074,259.64999999999998
2017.12.17_14.24.59,-8.482422,51.897052,0,B,1,LTE,-83,-12,21.0,12,-66,31986,435,D,-91,-9,-8.480411,51.895074,259.64999999999998
2017.12.17_14.25.01,-8.482422,51.897052,0,B,1,LTE,-84,-11,22.0,12,-69,43528,480,D,-91,-9,-8.480411,51.895074,259.64999999999998
2017.12.17_14.25.02,-8.482422,51.897052,0,B,1,LTE,-84,-11,22.0,12,-66,25902,366,D,-91,-9,-8.480411,51.895074,259.64999999999998
2017.12.17_14.25.03,-8.482422,51.897052,0,B,1,LTE,-83,-12,22.0,12,-66,20366,279,D,-91,-9,-8.480411,51.895074,259.64999999999998
2017.12.17_14.25.04,-8.482422,51.897052,0,B,1,LTE,-83,-12,22.0,13,-68,29715,376,D,-91,-9,-8.480411,51.895074,259.64999999999998
2017.12.17_14.25.05,-8.482422,51.897052,0,B,1,LTE,-85,-11,24.0,15,-71,43438,458,D,-91,-9,-8.480411,51.895074,259.64999999999998
2017.12.17_14.25.06,-8.482422,51.897052,0,B,1,LTE,-85,-11,24.0,14,-68,41313,579,D,-91,-9,-8.480411,51.895074,259.64999999999998
2017.12.17_14.25.07,-8.482422,51.897052,0,B,1,LTE,-85,-12,21.0,12,-66,71152,791,D,-89,-9,-8.480411,51.895074,259.64999999999998
2017.12.17_14.25.08,-8.482422,51.897052,0,B,1,LTE,-85,-12,21.0,12,-70,91194,1114,D,-89,-9,-8.480411,51.895074,259.64999999999998
2017.12.17_14.25.09,-8.482422,51.897052,0,B,1,LTE,-87,-11,20.0,10,-73,78019,685,D,-90,-8,-8.480411,51.895074,259.64999999999998
2017.12.17_14.25.10,-8.482422,51.897052,0,B,1,LTE,-87,-11,20.0,13,-71,87447,792,D,-90,-8,-8.480411,51.895074,259.64999999999998
2017.12.17_14.25.11,-8.482422,51.897052,0,B,1,LTE,-88,-12,18.0,13,-71,83745,896,D,-90,-8,-8.480411,51.895074,259.64999999999998
2017.12.17_14.25.13,-8.482422,51.897052,0,B,1,LTE,-88,-12,18.0,13,-71,79261,886,D,-90,-8,-8.480411,51.895074,259.64999999999998
2017.12.17_14.25.14,-8.482422,51.897052,0,B,1,LTE,-87,-11,19.0,13,-71,93464,961,D,-89,-8,-8.480411,51.895074,259.64999999999998
2017.12.17_14.25.15,-8.482422,51.897052,0,B,1,LTE,-87,-11,19.0,13,-71,68971,670,D,-89,-8,-8.480411,51.895074,259.64999999999998
2017.12.17_14.25.16,-8.482422,51.897052,0,B,1,LTE,-88,-8,19.0,13,-71,84405,958,D,-91,-9,-8.480411,51.895074,259.64999999999998
2017.12.17_14.25.17,-8.482422,51.897052,0,B,1,LTE,-88,-8,19.0,13,-71,70353,848,D,-91,-9,-8.480411,51.895074,259.64999999999998
2017.12.17_14.25.18,-8.482422,51.897052,0,B,1,LTE,-88,-12,19.0,14,-67,82616,907,D,-90,-10,-8.480411,51.895074,259.64999999999998
2017.12.17_14.25.19,-8.482422,51.897052,0,B,1,LTE,-88,-12,19.0,9,-70,54846,644,D,-90,-10,-8.480411,51.895074,259.64999999999998
2017.12.17_14.25.20,-8.482422,51.897052,0,B,1,LTE,-87,-11,21.0,9,-70,47699,543,D,-93,-10,-8.480411,51.895074,259.64999999999998
2017.12.17_14.25.21,-8.482422,51.897052,0,B,1,LTE,-87,-11,21.0,9,-70,51116,656,D,-93,-10,-8.480411,51.895074,259.64999999999998
2017.12.17_14.25.22,-8.482422,51.897052,0,B,1,LTE,-87,-11,21.0,9,-70,64106,850,D,-92,-11,-8.480411,51.895074,259.64999999999998
2017.12.17_14.25.23,-8.482422,51.897052,0,B,1,LTE,-87,-11,21.0,9,-70,60315,674,D,-92,-11,-8.480411,51.895074,259.64999999999998
2017.12.17_14.25.25,-8.482422,51.897052,0,B,1,LTE,-86,-11,22.0,15,-68,43550,577,D,-93,-8,-8.480411,51.895074,259.64999999999998
2017.12.17_14.25.26,-8.482422,51.897052,0,B,1,LTE,-86,-11,22.0,11,-70,60225,744,D,-93,-8,-8.480411,51.895074,259.64999999999998
2017.12.17_14.25.27,-8.482422,51.897052,0,B,1,LTE,-87,-11,22.0,11,-70,67361,789,D,-92,-8,-8.480411,51.895074,259.64999999999998
2017.12.17_14.25.28,-8.482422,51.897052,0,B,1,LTE,-87,-11,22.0,11,-70,54164,733,D,-92,-8,-8.480411,51.895074,259.64999999999998
2017.12.17_14.25.29,-8.482422,51.897052,0,B,1,LTE,-87,-11,19.0,11,-70,47630,641,D,-92,-9,-8.480411,51.895074,259.64999999999998
2017.12.17_14.25.30,-8.482422,51.897052,0,B,1,LTE,-87,-11,19.0,11,-70,37432,785,D,-92,-9,-8.480411,51.895074,259.64999999999998
2017.12.17_14.25.31,-8.482422,51.897052,0,B,1,LTE,-86,-11,19.0,11,-70,11866,170,D,-92,-9,-8.480411,51.895074,259.64999999999998
2017.12.17_14.25.32,-8.482422,51.897052,0,B,1,LTE,-86,-11,19.0,11,-70,33630,443,D,-92,-9,-8.480411,51.895074,259.64999999999998
2017.12.17_14.25.33,-8.482422,51.897052,0,B,1,LTE,-86,-11,22.0,11,-70,47666,504,D,-92,-9,-8.480411,51.895074,259.64999999999998
2017.12.17_14.25.34,-8.482422,51.897052,0,B,1,LTE,-86,-11,22.0,14,-67,79328,681,D,-92,-9,-8.480411,51.895074,259.64999999999998
2017.12.17_14.25.35,-8.482422,51.897052,0,B,1,LTE,-84,-11,22.0,12,-65,70023,628,D,-90,-8,-8.480411,51.895074,259.64999999999998
2017.12.17_14.25.36,-8.482422,51.897052,0,B,1,LTE,-84,-11,22.0,12,-65,69463,787,D,-90,-8,-8.480411,51.895074,259.64999999999998
2017.12.17_14.25.38,-8.482422,51.897052,0,B,1,LTE,-84,-11,23.0,13,-67,83701,768,D,-89,-8,-8.480411,51.895074,259.64999999999998
2017.12.17_14.25.39,-8.482422,51.897052,0,B,1,LTE,-84,-11,23.0,13,-67,37976,660,D,-89,-8,-8.480411,51.895074,259.64999999999998
2017.12.17_14.25.40,-8.482422,51.897052,0,B,1,LTE,-84,-11,20.0,13,-67,72898,1344,D,-89,-8,-8.480411,51.895074,259.64999999999998
2017.12.17_14.25.41,-8.482422,51.897052,0,B,1,LTE,-84,-11,20.0,13,-67,58727,1078,D,-89,-8,-8.480411,51.895074,259.64999999999998
2017.12.17_14.25.42,-8.482422,51.897052,0,B,1,LTE,-84,-12,21.0,13,-67,59041,1097,D,-89,-7,-8.480411,51.895074,259.64999999999998
2017.12.17_14.25.43,-8.482422,51.897052,0,B,1,LTE,-84,-12,21.0,13,-67,79261,1470,D,-89,-7,-8.480411,51.895074,259.64999999999998
2017.12.17_14.25.44,-8.482422,51.897052,0,B,1,LTE,-84,-12,21.0,13,-67,82985,1528,D,-89,-7,-8.480411,51.895074,259.64999999999998
2017.12.17_14.25.45,-8.482422,51.897052,0,B,1,LTE,-84,-12,21.0,13,-67,77752,1446,D,-89,-7,-8.480411,51.895074,259.64999999999998
2017.12.17_14.25.46,-8.482422,51.897052,0,B,1,LTE,-84,-12,23.0,13,-67,80122,1490,D,-89,-8,-8.480411,51.895074,259.64999999999998
2017.12.17_14.25.47,-8.482422,51.897052,0,B,1,LTE,-84,-12,23.0,13,-67,82761,1540,D,-89,-8,-8.480411,51.895074,259.64999999999998
2017.12.17_14.25.48,-8.482422,51.897052,0,B,1,LTE,-84,-12,23.0,13,-67,84126,1494,D,-89,-8,-8.480411,51.895074,259.64999999999998
2017.12.17_14.25.50,-8.482422,51.897052,0,B,1,LTE,-84,-12,23.0,12,-69,57027,1058,D,-89,-8,-8.480411,51.895074,259.64999999999998
2017.12.17_14.25.51,-8.482422,51.897052,0,B,1,LTE,-86,-12,18.0,15,-71,72282,1343,D,-89,-7,-8.480411,51.895074,259.64999999999998
2017.12.17_14.25.52,-8.482422,51.897052,0,B,1,LTE,-86,-12,18.0,14,-69,68915,1280,D,-89,-7,-8.480411,51.895074,259.64999999999998
2017.12.17_14.25.53,-8.482422,51.897052,0,B,1,LTE,-86,-11,21.0,15,-66,82807,1540,D,-90,-8,-8.480411,51.895074,259.64999999999998
2017.12.17_14.25.54,-8.482422,51.897052,0,B,1,LTE,-86,-11,21.0,15,-69,80815,1485,D,-90,-8,-8.480411,51.895074,259.64999999999998
2017.12.17_14.25.55,-8.482422,51.897052,0,B,1,LTE,-86,-11,22.0,15,-69,79361,1454,D,-90,-9,-8.480411,51.895074,259.64999999999998
2017.12.17_14.25.56,-8.482422,51.897052,0,B,1,LTE,-86,-11,22.0,12,-67,62507,1161,D,-90,-9,-8.480411,51.895074,259.64999999999998
2017.12.17_14.25.57,-8.482422,51.897052,0,B,1,LTE,-84,-11,21.0,12,-67,77102,1368,D,-90,-9,-8.480411,51.895074,259.64999999999998
2017.12.17_14.25.58,-8.482422,51.897052,0,B,1,LTE,-84,-11,21.0,12,-67,77057,1433,D,-90,-9,-8.480411,51.895074,259.64999999999998
2017.12.17_14.25.59,-8.482422,51.897052,0,B,1,LTE,-83,-11,24.0,12,-67,60439,1124,D,-90,-9,-8.480411,51.895074,259.64999999999998
2017.12.17_14.26.00,-8.482422,51.897052,0,B,1,LTE,-83,-11,24.0,12,-67,73814,1348,D,-90,-9,-8.480411,51.895074,259.64999999999998
2017.12.17_14.26.01,-8.482422,51.897052,0,B,1,LTE,-85,-11,18.0,12,-67,77516,1427,D,-90,-10,-8.480411,51.895074,259.64999999999998
2017.12.17_14.26.03,-8.482422,51.897052,0,B,1,LTE,-85,-11,18.0,14,-69,71734,1319,D,-90,-10,-8.480411,51.895074,259.64999999999998
2017.12.17_14.26.04,-8.482422,51.897052,0,B,1,LTE,-86,-12,21.0,14,-69,80860,1493,D,-90,-12,-8.480411,51.895074,259.64999999999998
2017.12.17_14.26.05,-8.482422,51.897052,0,B,1,LTE,-86,-12,21.0,14,-69,80972,1434,D,-90,-12,-8.480411,51.895074,259.64999999999998
2017.12.17_14.26.06,-8.482422,51.897052,0,B,1,LTE,-86,-12,22.0,14,-69,80625,1499,D,-90,-10,-8.480411,51.895074,259.64999999999998
2017.12.17_14.26.07,-8.482422,51.897052,0,B,1,LTE,-86,-12,22.0,14,-69,76308,1421,D,-90,-10,-8.480411,51.895074,259.64999999999998
2017.12.17_14.26.08,-8.482422,51.897052,0,B,1,LTE,-86,-12,22.0,14,-69,80984,1468,D,-90,-8,-8.480411,51.895074,259.64999999999998
2017.12.17_14.26.09,-8.482422,51.897052,0,B,1,LTE,-86,-12,22.0,10,-67,71622,1303,D,-90,-8,-8.480411,51.895074,259.64999999999998
2017.12.17_14.26.10,-8.482422,51.897052,0,B,1,LTE,-84,-11,22.0,10,-67,67775,1252,D,-90,-8,-8.480411,51.895074,259.64999999999998
2017.12.17_14.26.11,-8.482422,51.897052,0,B,1,LTE,-84,-11,22.0,10,-67,50685,941,D,-90,-8,-8.480411,51.895074,259.64999999999998
2017.12.17_14.26.12,-8.482422,51.897052,0,B,1,LTE,-84,-11,18.0,10,-67,56557,1041,D,-91,-8,-8.480411,51.895074,259.64999999999998
2017.12.17_14.26.13,-8.482422,51.897052,0,B,1,LTE,-84,-11,18.0,12,-69,37690,702,D,-91,-8,-8.480411,51.895074,259.64999999999998
2017.12.17_14.26.14,-8.482422,51.897052,0,B,1,LTE,-86,-12,16.0,12,-69,61914,1116,D,-90,-8,-8.480411,51.895074,259.64999999999998
2017.12.17_14.26.16,-8.482422,51.897052,0,B,1,LTE,-86,-12,16.0,10,-67,61512,1125,D,-90,-8,-8.480411,51.895074,259.64999999999998
2017.12.17_14.26.17,-8.482422,51.897052,0,B,1,LTE,-84,-12,19.0,11,-71,63548,1178,D,-91,-8,-8.480411,51.895074,259.64999999999998
2017.12.17_14.26.18,-8.482422,51.897052,0,B,1,LTE,-84,-12,19.0,10,-67,46518,899,D,-91,-8,-8.480411,51.895074,259.64999999999998
2017.12.17_14.26.19,-8.482422,51.897052,0,B,1,LTE,-84,-11,20.0,10,-67,53314,986,D,-91,-8,-8.480411,51.895074,259.64999999999998
2017.12.17_14.26.20,-8.482422,51.897052,0,B,1,LTE,-84,-11,20.0,10,-67,55752,1035,D,-91,-8,-8.480411,51.895074,259.64999999999998
2017.12.17_14.26.21,-8.482422,51.897052,0,B,1,LTE,-84,-11,19.0,10,-67,52039,967,D,-91,-8,-8.480411,51.895074,259.64999999999998
2017.12.17_14.26.22,-8.482422,51.897052,0,B,1,LTE,-84,-11,19.0,11,-69,56110,1039,D,-91,-8,-8.480411,51.895074,259.64999999999998
2017.12.17_14.26.23,-8.482422,51.897052,0,B,1,LTE,-86,-12,16.0,15,-66,51524,958,D,-91,-8,-8.480411,51.895074,259.64999999999998
2017.12.17_14.26.24,-8.482422,51.897052,0,B,1,LTE,-86,-12,16.0,15,-66,43259,804,D,-91,-8,-8.480411,51.895074,259.64999999999998
2017.12.17_14.26.25,-8.482422,51.897052,0,B,1,LTE,-84,-11,14.0,10,-69,75950,1408,D,-90,-8,-8.480411,51.895074,259.64999999999998
2017.12.17_14.26.26,-8.482422,51.897052,0,B,1,LTE,-84,-11,14.0,9,-66,55741,1037,D,-90,-8,-8.480411,51.895074,259.64999999999998
2017.12.17_14.26.27,-8.482422,51.897052,0,B,1,LTE,-83,-11,19.0,9,-66,52822,1006,D,-91,-8,-8.480411,51.895074,259.64999999999998
2017.12.17_14.26.29,-8.482422,51.897052,0,B,1,LTE,-83,-11,19.0,10,-68,55942,1038,D,-91,-8,-8.480411,51.895074,259.64999999999998
2017.12.17_14.26.30,-8.482422,51.897052,0,B,1,LTE,-85,-11,19.0,10,-68,59129,1099,D,-90,-9,-8.480411,51.895074,259.64999999999998
2017.12.17_14.26.31,-8.482422,51.897052,0,B,1,LTE,-85,-11,19.0,10,-68,69038,1260,D,-90,-9,-8.480411,51.895074,259.64999999999998
2017.12.17_14.26.32,-8.482422,51.897052,0,B,1,LTE,-84,-11,20.0,10,-68,53000,985,D,-91,-9,-8.480411,51.895074,259.64999999999998
2017.12.17_14.26.33,-8.482422,51.897052,0,B,1,LTE,-84,-11,20.0,10,-70,49041,911,D,-91,-9,-8.480411,51.895074,259.64999999999998
2017.12.17_14.26.34,-8.482422,51.897052,0,B,1,LTE,-87,-12,16.0,10,-70,53291,1099,D,-93,-9,-8.480411,51.895074,259.64999999999998
2017.12.17_14.26.35,-8.482422,51.897052,0,B,1,LTE,-87,-12,16.0,10,-70,45485,846,D,-93,-9,-8.480411,51.895074,259.64999999999998
2017.12.17_14.26.36,-8.482422,51.897052,0,B,1,LTE,-87,-11,20.0,10,-70,39870,740,D,-93,-10,-8.480411,51.895074,259.64999999999998
2017.12.17_14.26.37,-8.482422,51.897052,0,B,1,LTE,-87,-11,20.0,11,-72,52319,973,D,-93,-10,-8.480411,51.895074,259.64999999999998
2017.12.17_14.26.38,-8.482422,51.897052,0,B,1,LTE,-89,-11,19.0,11,-72,49254,914,D,-93,-9,-8.480411,51.895074,259.64999999999998
2017.12.17_14.26.39,-8.482422,51.897052,0,B,1,LTE,-89,-11,19.0,11,-72,45988,853,D,-93,-9,-8.480411,51.895074,259.64999999999998
2017.12.17_14.26.40,-8.482422,51.897052,0,B,1,LTE,-88,-12,22.0,9,-70,44311,823,D,-93,-9,-8.480411,51.895074,259.64999999999998
2017.12.17_14.26.42,-8.482422,51.897052,0,B,1,LTE,-88,-12,22.0,9,-70,36739,683,D,-93,-9,-8.480411,51.895074,259.64999999999998
2017.12.17_14.26.43,-8.482422,51.897052,0,B,1,LTE,-87,-11,22.0,9,-70,41660,775,D,-92,-9,-8.480411,51.895074,259.64999999999998
2017.12.17_14.26.44,-8.482422,51.897052,0,B,1,LTE,-87,-11,22.0,9,-70,42331,788,D,-92,-9,-8.480411,51.895074,259.64999999999998
2017.12.17_14.26.45,-8.482422,51.897052,0,B,1,LTE,-88,-11,18.0,9,-70,49690,924,D,-92,-9,-8.480411,51.895074,259.64999999999998
2017.12.17_14.26.46,-8.482422,51.897052,0,B,1,LTE,-88,-11,18.0,15,-68,59554,1100,D,-92,-9,-8.480411,51.895074,259.64999999999998
2017.12.17_14.26.47,-8.482422,51.897052,0,B,1,LTE,-85,-11,19.0,15,-68,73120,1315,D,-93,-9,-8.480411,51.895074,259.64999999999998
2017.12.17_14.26.48,-8.482422,51.897052,0,B,1,LTE,-85,-11,19.0,12,-66,69497,1256,D,-93,-9,-8.480411,51.895074,259.64999999999998
2017.12.17_14.26.49,-8.482422,51.897052,0,B,1,LTE,-83,-12,20.0,12,-66,65034,1206,D,-90,-9,-8.480411,51.895074,259.64999999999998
2017.12.17_14.26.50,-8.482422,51.897052,0,B,1,LTE,-83,-12,20.0,12,-69,64677,1156,D,-90,-9,-8.480411,51.895074,259.64999999999998
2017.12.17_14.26.51,-8.482422,51.897052,0,B,1,LTE,-86,-12,19.0,12,-69,58872,1093,D,-90,-8,-8.480411,51.895074,259.64999999999998
2017.12.17_14.26.52,-8.482422,51.897052,0,B,1,LTE,-86,-12,19.0,12,-69,41682,772,D,-90,-8,-8.480411,51.895074,259.64999999999998
2017.12.17_14.26.53,-8.482422,51.897052,0,B,1,LTE,-85,-12,20.0,12,-69,69799,1248,D,-90,-11,-8.480411,51.895074,259.64999999999998
2017.12.17_14.26.55,-8.482422,51.897052,0,B,1,LTE,-85,-12,20.0,10,-69,76241,1416,D,-90,-11,-8.480411,51.895074,259.64999999999998
2017.12.17_14.26.56,-8.482422,51.897052,0,B,1,LTE,-86,-11,20.0,14,-67,72103,1334,D,-91,-8,-8.480411,51.895074,259.64999999999998
2017.12.17_14.26.57,-8.482422,51.897052,0,B,1,LTE,-86,-11,20.0,13,-70,82929,1513,D,-91,-8,-8.480411,51.895074,259.64999999999998
2017.12.17_14.26.58,-8.482422,51.897052,0,B,1,LTE,-87,-11,19.0,14,-68,84439,1562,D,-90,-8,-8.480411,51.895074,259.64999999999998
2017.12.17_14.26.59,-8.482422,51.897052,0,B,1,LTE,-87,-11,19.0,14,-68,81922,1473,D,-90,-8,-8.480411,51.895074,259.64999999999998
2017.12.17_14.27.00,-8.482422,51.897052,0,B,1,LTE,-85,-12,20.0,14,-68,65806,1192,D,-90,-8,-8.480411,51.895074,259.64999999999998
2017.12.17_14.27.01,-8.482422,51.897052,0,B,1,LTE,-85,-12,20.0,14,-68,65113,1208,D,-90,-8,-8.480411,51.895074,259.64999999999998
2017.12.17_14.27.02,-8.482422,51.897052,0,B,1,LTE,-85,-12,19.0,14,-68,77259,1418,D,-90,-8,-8.480411,51.895074,259.64999999999998
2017.12.17_14.27.03,-8.482422,51.897052,0,B,1,LTE,-85,-12,19.0,14,-68,78053,1428,D,-90,-8,-8.480411,51.895074,259.64999999999998
2017.12.17_14.27.04,-8.482422,51.897052,0,B,1,LTE,-85,-12,19.0,12,-73,75436,1404,D,-90,-9,-8.480411,51.895074,259.64999999999998
2017.12.17_14.27.05,-8.482422,51.897052,0,B,1,LTE,-85,-12,19.0,14,-67,78735,1445,D,-90,-9,-8.480411,51.895074,259.64999999999998
2017.12.17_14.27.07,-8.482422,51.897052,0,B,1,LTE,-84,-12,19.0,12,-75,76990,1369,D,-90,-8,-8.480411,51.895074,259.64999999999998
2017.12.17_14.27.08,-8.482422,51.897052,0,B,1,LTE,-84,-12,20.0,15,-69,48806,1113,D,-90,-8,-8.480411,51.895074,259.64999999999998
2017.12.17_14.27.09,-8.482422,51.897052,0,B,1,LTE,-86,-12,19.0,15,-69,40284,708,D,-90,-8,-8.480411,51.895074,259.64999999999998
2017.12.17_14.27.10,-8.482422,51.897052,0,B,1,LTE,-86,-12,19.0,15,-69,35621,661,D,-90,-8,-8.480411,51.895074,259.64999999999998
2017.12.17_14.27.11,-8.482422,51.897052,0,B,1,LTE,-87,-12,18.0,14,-67,37030,669,D,-90,-8,-8.480411,51.895074,259.64999999999998
2017.12.17_14.27.12,-8.482422,51.897052,0,B,1,LTE,-87,-12,18.0,14,-67,44724,779,D,-90,-8,-8.480411,51.895074,259.64999999999998
2017.12.17_14.27.13,-8.482422,51.897052,0,B,1,LTE,-84,-12,20.0,15,-69,44109,794,D,-90,-8,-8.480411,51.895074,259.64999999999998
2017.12.17_14.27.14,-8.482422,51.897052,0,B,1,LTE,-84,-12,20.0,15,-69,30487,547,D,-90,-8,-8.480411,51.895074,259.64999999999998
2017.12.17_14.27.15,-8.482422,51.897052,0,B,1,LTE,-85,-12,20.0,14,-67,29659,532,D,-90,-8,-8.480411,51.895074,259.64999999999998
2017.12.17_14.27.16,-8.482422,51.897052,0,B,1,LTE,-85,-12,20.0,14,-67,27087,497,D,-90,-8,-8.480411,51.895074,259.64999999999998
2017.12.17_14.27.17,-8.482422,51.897052,0,B,1,LTE,-84,-12,19.0,15,-69,31225,564,D,-89,-8,-8.480411,51.895074,259.64999999999998
2017.12.17_14.27.19,-8.482422,51.897052,0,B,1,LTE,-84,-12,19.0,15,-71,32019,586,D,-89,-8,-8.480411,51.895074,259.64999999999998
2017.12.17_14.27.20,-8.482422,51.897052,0,B,1,LTE,-88,-12,18.0,15,-71,29738,542,D,-93,-9,-8.480411,51.895074,259.64999999999998
2017.12.17_14.27.21,-8.482422,51.897052,0,B,1,LTE,-88,-12,18.0,15,-71,30465,560,D,-93,-9,-8.480411,51.895074,259.64999999999998
2017.12.17_14.27.22,-8.482422,51.897052,0,B,1,LTE,-87,-12,18.0,12,-69,39345,717,D,-93,-9,-8.480411,51.895074,259.64999999999998
2017.12.17_14.27.23,-8.482422,51.897052,0,B,1,LTE,-87,-12,18.0,12,-69,46782,856,D,-93,-9,-8.480411,51.895074,259.64999999999998
2017.12.17_14.27.24,-8.482422,51.897052,0,B,1,LTE,-86,-12,18.0,12,-69,43707,797,D,-92,-9,-8.480411,51.895074,259.64999999999998
2017.12.17_14.27.25,-8.482422,51.897052,0,B,1,LTE,-86,-12,18.0,9,-71,54790,952,D,-92,-9,-8.480411,51.895074,259.64999999999998
2017.12.17_14.27.26,-8.482422,51.897052,0,B,1,LTE,-88,-11,17.0,15,-73,51368,926,D,-92,-9,-8.480411,51.895074,259.64999999999998
2017.12.17_14.27.27,-8.482422,51.897052,0,B,1,LTE,-88,-11,17.0,10,-70,42241,770,D,-92,-9,-8.480411,51.895074,259.64999999999998
2017.12.17_14.27.28,-8.482422,51.897052,0,B,1,LTE,-87,-12,17.0,10,-70,46044,822,D,-92,-10,-8.480411,51.895074,259.64999999999998
2017.12.17_14.27.29,-8.482422,51.897052,0,B,1,LTE,-87,-12,17.0,10,-70,46160,805,D,-92,-10,-8.480411,51.895074,259.64999999999998
2017.12.17_14.27.30,-8.482422,51.897052,0,B,1,LTE,-88,-12,19.0,10,-70,48124,853,D,-92,-9,-8.480411,51.895074,259.64999999999998
2017.12.17_14.27.32,-8.482422,51.897052,0,B,1,LTE,-88,-12,19.0,10,-70,47710,872,D,-92,-9,-8.480411,51.895074,259.64999999999998
2017.12.17_14.27.33,-8.482422,51.897052,0,B,1,LTE,-87,-12,17.0,10,-70,41391,743,D,-93,-9,-8.480411,51.895074,259.64999999999998
2017.12.17_14.27.34,-8.482422,51.897052,0,B,1,LTE,-87,-12,17.0,10,-70,50070,921,D,-93,-9,-8.480411,51.895074,259.64999999999998
2017.12.17_14.27.35,-8.482422,51.897052,0,B,1,LTE,-87,-11,17.0,11,-72,57385,1024,D,-91,-9,-8.480411,51.895074,259.64999999999998
2017.12.17_14.27.35,-8.482422,51.897052,0,B,1,LTE,-87,-11,17.0,11,-72,57385,1024,D,-91,-9,-8.480411,51.895074,259.64999999999998
